timestamp_utc,strategy,load_kw,pv_kw,wind_kw,grid_import_kw,battery_charge_kw,battery_discharge_kw,electrolyzer_kw,fuel_cell_kw,curtailment_kw,unserved_kw,battery_energy_start_kwh,battery_energy_end_kwh,hydrogen_start_kg,hydrogen_end_kg,solver_status,step_cost
2017-01-01T00:00:00+00:00,fixed_rule_battery_hydrogen_grid_15min,784.055234,0.0,662.24,0.0,0.0,121.81523400000003,0.0,0.0,0.0,0.0,1000.0,966.9682068988666,300.0,300.0,rule_ok,
2017-01-01T00:15:00+00:00,fixed_rule_battery_hydrogen_grid_15min,777.331566,0.0,661.6,0.0,0.0,115.73156599999993,0.0,0.0,0.0,0.0,966.9682068988666,935.586079903304,300.0,300.0,rule_ok,
2017-01-01T00:30:00+00:00,fixed_rule_battery_hydrogen_grid_15min,773.087532,0.0,664.16,0.0,0.0,108.92753200000004,0.0,0.0,0.0,0.0,935.586079903304,906.0489556710336,300.0,300.0,rule_ok,
2017-01-01T00:45:00+00:00,fixed_rule_battery_hydrogen_grid_15min,767.947589,0.0,658.72,0.0,0.0,109.22758899999997,0.0,0.0,0.0,0.0,906.0489556710336,876.4304670607861,300.0,300.0,rule_ok,
2017-01-01T01:00:00+00:00,fixed_rule_battery_hydrogen_grid_15min,765.077944,0.0,658.72,0.0,0.0,106.35794399999997,0.0,0.0,0.0,0.0,876.4304670607861,847.5901202050724,300.0,300.0,rule_ok,
2017-01-01T01:15:00+00:00,fixed_rule_battery_hydrogen_grid_15min,760.329617,0.0,654.08,0.0,0.0,106.24961699999994,0.0,0.0,0.0,0.0,847.5901202050724,818.7791476314887,300.0,300.0,rule_ok,
2017-01-01T01:30:00+00:00,fixed_rule_battery_hydrogen_grid_15min,750.562035,0.0,645.28,0.0,0.0,105.28203500000006,0.0,0.0,0.0,0.0,818.7791476314887,790.2305475657015,300.0,300.0,rule_ok,
2017-01-01T01:45:00+00:00,fixed_rule_battery_hydrogen_grid_15min,742.76926,0.0,639.84,0.0,0.0,102.92926,0.0,0.0,0.0,0.0,790.2305475657015,762.3199331972821,300.0,300.0,rule_ok,
2017-01-01T02:00:00+00:00,fixed_rule_battery_hydrogen_grid_15min,736.063927,0.0,635.84,0.0,0.0,100.223927,0.0,0.0,0.0,0.0,762.3199331972821,735.1429052366651,300.0,300.0,rule_ok,
2017-01-01T02:15:00+00:00,fixed_rule_battery_hydrogen_grid_15min,730.005649,0.0,633.76,0.0,0.0,96.24564899999996,0.0,0.0,0.0,0.0,735.1429052366651,709.0446393608855,300.0,300.0,rule_ok,
2017-01-01T02:30:00+00:00,fixed_rule_battery_hydrogen_grid_15min,726.954259,0.0,632.16,0.0,0.0,94.79425900000001,0.0,0.0,0.0,0.0,709.0446393608855,683.3399368565726,300.0,300.0,rule_ok,
2017-01-01T02:45:00+00:00,fixed_rule_battery_hydrogen_grid_15min,725.204987,0.0,636.16,0.0,0.0,89.04498699999999,0.0,0.0,0.0,0.0,683.3399368565726,659.1942246111148,300.0,300.0,rule_ok,
2017-01-01T03:00:00+00:00,fixed_rule_battery_hydrogen_grid_15min,723.934376,0.0,639.84,0.0,0.0,84.09437600000001,0.0,0.0,0.0,0.0,659.1942246111148,636.390935254047,300.0,300.0,rule_ok,
2017-01-01T03:15:00+00:00,fixed_rule_battery_hydrogen_grid_15min,717.550523,0.0,640.48,0.0,0.0,77.07052299999998,0.0,0.0,0.0,0.0,636.390935254047,615.4922554556554,300.0,300.0,rule_ok,
2017-01-01T03:30:00+00:00,fixed_rule_battery_hydrogen_grid_15min,711.701581,0.0,637.44,0.0,0.0,74.26158099999998,0.0,0.0,0.0,0.0,615.4922554556554,595.3552569998213,300.0,300.0,rule_ok,
2017-01-01T03:45:00+00:00,fixed_rule_battery_hydrogen_grid_15min,708.208912,0.0,643.36,0.0,0.0,64.84891200000004,0.0,0.0,0.0,0.0,595.3552569998213,577.7706267883192,300.0,300.0,rule_ok,
2017-01-01T04:00:00+00:00,fixed_rule_battery_hydrogen_grid_15min,703.201051,0.0,649.44,0.0,0.0,53.76105099999995,0.0,0.0,0.0,0.0,577.7706267883192,563.1926150305165,300.0,300.0,rule_ok,
2017-01-01T04:15:00+00:00,fixed_rule_battery_hydrogen_grid_15min,696.067256,0.0,655.84,0.0,0.0,40.22725600000001,0.0,0.0,0.0,0.0,563.1926150305165,552.2844687044312,300.0,300.0,rule_ok,
2017-01-01T04:30:00+00:00,fixed_rule_battery_hydrogen_grid_15min,687.957451,0.0,658.56,0.0,0.0,29.397451000000046,0.0,0.0,0.0,0.0,552.2844687044312,544.3129655742669,300.0,300.0,rule_ok,
2017-01-01T04:45:00+00:00,fixed_rule_battery_hydrogen_grid_15min,684.065513,0.0,664.0,0.0,0.0,20.06551300000001,0.0,0.0,0.0,0.0,544.3129655742669,538.8719394224466,300.0,300.0,rule_ok,
2017-01-01T05:00:00+00:00,fixed_rule_battery_hydrogen_grid_15min,668.127509,0.0,686.4,0.0,18.272490999999945,0.0,0.0,0.0,0.0,0.0,538.8719394224466,543.0835405004462,300.0,300.0,rule_ok,
2017-01-01T05:15:00+00:00,fixed_rule_battery_hydrogen_grid_15min,666.42007,0.0,679.84,0.0,13.419930000000022,0.0,0.0,0.0,0.0,0.0,543.0835405004462,546.1766815316652,300.0,300.0,rule_ok,
2017-01-01T05:30:00+00:00,fixed_rule_battery_hydrogen_grid_15min,665.973629,0.0,680.96,0.0,14.986371000000076,0.0,0.0,0.0,0.0,0.0,546.1766815316652,549.6308693738648,300.0,300.0,rule_ok,
2017-01-01T05:45:00+00:00,fixed_rule_battery_hydrogen_grid_15min,666.00834,0.0,692.64,0.0,26.63166000000001,0.0,0.0,0.0,0.0,0.0,549.6308693738648,555.7691637074025,300.0,300.0,rule_ok,
2017-01-01T06:00:00+00:00,fixed_rule_battery_hydrogen_grid_15min,670.265903,0.0,695.2,0.0,24.934097000000065,0.0,0.0,0.0,0.0,0.0,555.7691637074025,561.5161891022514,300.0,300.0,rule_ok,
2017-01-01T06:15:00+00:00,fixed_rule_battery_hydrogen_grid_15min,669.028223,0.0,678.88,0.0,9.85177699999997,0.0,0.0,0.0,0.0,0.0,561.5161891022514,563.7869115031223,300.0,300.0,rule_ok,
2017-01-01T06:30:00+00:00,fixed_rule_battery_hydrogen_grid_15min,673.282226,0.0,682.08,0.0,8.797774000000004,0.0,0.0,0.0,0.0,0.0,563.7869115031223,565.8146982160777,300.0,300.0,rule_ok,
2017-01-01T06:45:00+00:00,fixed_rule_battery_hydrogen_grid_15min,681.875319,0.0,683.52,0.0,1.6446809999999914,0.0,0.0,0.0,0.0,0.0,565.8146982160777,566.1937784560167,300.0,300.0,rule_ok,
2017-01-01T07:00:00+00:00,fixed_rule_battery_hydrogen_grid_15min,682.704296,1.6,681.44,0.0,0.33570400000007794,0.0,0.0,0.0,0.0,0.0,566.1937784560167,566.2711544048291,300.0,300.0,rule_ok,
2017-01-01T07:15:00+00:00,fixed_rule_battery_hydrogen_grid_15min,682.787782,7.04,680.64,0.0,4.892217999999957,0.0,0.0,0.0,0.0,0.0,566.2711544048291,567.3987549384733,300.0,300.0,rule_ok,
2017-01-01T07:30:00+00:00,fixed_rule_battery_hydrogen_grid_15min,690.060243,23.36,679.36,0.0,12.659757000000013,0.0,0.0,0.0,0.0,0.0,567.3987549384733,570.3166847504739,300.0,300.0,rule_ok,
2017-01-01T07:45:00+00:00,fixed_rule_battery_hydrogen_grid_15min,703.317645,55.36,683.36,0.0,35.40235500000006,0.0,0.0,0.0,0.0,0.0,570.3166847504739,578.4765243958581,300.0,300.0,rule_ok,
2017-01-01T08:00:00+00:00,fixed_rule_battery_hydrogen_grid_15min,720.147462,96.0,683.2,0.0,59.05253800000003,0.0,0.0,0.0,0.0,0.0,578.4765243958581,592.0874618810325,300.0,300.0,rule_ok,
2017-01-01T08:15:00+00:00,fixed_rule_battery_hydrogen_grid_15min,736.683747,140.8,680.32,0.0,84.43625299999997,0.0,0.0,0.0,0.0,0.0,592.0874618810325,611.5490565895507,300.0,300.0,rule_ok,
2017-01-01T08:30:00+00:00,fixed_rule_battery_hydrogen_grid_15min,750.728828,186.88,675.04,0.0,111.19117199999994,0.0,0.0,0.0,0.0,0.0,611.5490565895507,637.1773554273632,300.0,300.0,rule_ok,
2017-01-01T08:45:00+00:00,fixed_rule_battery_hydrogen_grid_15min,760.15072,241.6,669.92,0.0,151.36928,0.0,0.0,0.0,0.0,0.0,637.1773554273632,672.0662505880736,300.0,300.0,rule_ok,
2017-01-01T09:00:00+00:00,fixed_rule_battery_hydrogen_grid_15min,773.245246,298.88,656.16,0.0,181.794754,0.0,0.0,0.0,0.0,0.0,672.0662505880736,713.9678710032142,300.0,300.0,rule_ok,
2017-01-01T09:15:00+00:00,fixed_rule_battery_hydrogen_grid_15min,787.69547,351.04,637.12,0.0,200.46453000000002,0.0,0.0,0.0,0.0,0.0,713.9678710032142,760.1726621643473,300.0,300.0,rule_ok,
2017-01-01T09:30:00+00:00,fixed_rule_battery_hydrogen_grid_15min,793.240733,395.52,612.0,0.0,214.279267,0.0,0.0,0.0,0.0,0.0,760.1726621643473,809.5615928739131,300.0,300.0,rule_ok,
2017-01-01T09:45:00+00:00,fixed_rule_battery_hydrogen_grid_15min,801.199589,448.64,593.44,0.0,240.8804110000001,0.0,0.0,0.0,0.0,0.0,809.5615928739131,865.0817843265502,300.0,300.0,rule_ok,
2017-01-01T10:00:00+00:00,fixed_rule_battery_hydrogen_grid_15min,815.404342,491.52,579.84,0.0,255.95565799999997,0.0,0.0,0.0,0.0,0.0,865.0817843265502,924.0766485272165,300.0,300.0,rule_ok,
2017-01-01T10:15:00+00:00,fixed_rule_battery_hydrogen_grid_15min,826.750486,527.68,574.88,0.0,275.8095139999999,0.0,0.0,0.0,0.0,0.0,924.0766485272165,987.6476004289002,300.0,300.0,rule_ok,
2017-01-01T10:30:00+00:00,fixed_rule_battery_hydrogen_grid_15min,839.166094,564.48,575.04,0.0,300.35390599999994,0.0,0.0,0.0,0.0,0.0,987.6476004289002,1056.8757551611145,300.0,300.0,rule_ok,
2017-01-01T10:45:00+00:00,fixed_rule_battery_hydrogen_grid_15min,842.551959,596.8,561.6,0.0,315.84804099999997,0.0,0.0,0.0,0.0,0.0,1056.8757551611145,1129.6751315548236,300.0,300.0,rule_ok,
2017-01-01T11:00:00+00:00,fixed_rule_battery_hydrogen_grid_15min,846.907248,624.32,559.2,0.0,336.6127520000001,0.0,0.0,0.0,0.0,0.0,1129.6751315548236,1207.2605373537162,300.0,300.0,rule_ok,
2017-01-01T11:15:00+00:00,fixed_rule_battery_hydrogen_grid_15min,848.617357,632.96,551.04,0.0,335.38264300000003,0.0,0.0,0.0,0.0,0.0,1207.2605373537162,1284.5624170372885,300.0,300.0,rule_ok,
2017-01-01T11:30:00+00:00,fixed_rule_battery_hydrogen_grid_15min,733.154587,640.96,506.88,0.0,414.68541300000004,0.0,0.0,0.0,0.0,0.0,1284.5624170372885,1380.1426820608976,300.0,300.0,rule_ok,
2017-01-01T11:45:00+00:00,fixed_rule_battery_hydrogen_grid_15min,730.646295,632.32,490.72,0.0,392.39370500000007,0.0,0.0,0.0,0.0,0.0,1380.1426820608976,1470.584962261132,300.0,300.0,rule_ok,
2017-01-01T12:00:00+00:00,fixed_rule_battery_hydrogen_grid_15min,727.957682,608.64,487.68,0.0,368.362318,0.0,0.0,0.0,0.0,0.0,1470.584962261132,1555.4882814409434,300.0,300.0,rule_ok,
2017-01-01T12:15:00+00:00,fixed_rule_battery_hydrogen_grid_15min,721.912576,589.44,479.2,0.0,346.7274240000001,0.0,0.0,0.0,0.0,0.0,1555.4882814409434,1635.4050039442095,300.0,300.0,rule_ok,
2017-01-01T12:30:00+00:00,fixed_rule_battery_hydrogen_grid_15min,723.950931,552.32,473.28,0.0,301.64906900000005,0.0,0.0,0.0,0.0,0.0,1635.4050039442095,1704.9316789978723,300.0,300.0,rule_ok,
2017-01-01T12:45:00+00:00,fixed_rule_battery_hydrogen_grid_15min,719.421017,511.36,458.4,0.0,250.33898299999998,0.0,0.0,0.0,0.0,0.0,1704.9316789978723,1762.6319635769219,300.0,300.0,rule_ok,
2017-01-01T13:00:00+00:00,fixed_rule_battery_hydrogen_grid_15min,724.560959,461.12,443.68,0.0,180.239041,0.0,0.0,0.0,0.0,0.0,1762.6319635769219,1804.1750098629052,300.0,300.0,rule_ok,
2017-01-01T13:15:00+00:00,fixed_rule_battery_hydrogen_grid_15min,728.48832,401.92,432.64,0.0,106.07167999999996,0.0,0.0,0.0,0.0,0.0,1804.1750098629052,1828.6233240983988,300.0,300.0,rule_ok,
2017-01-01T13:30:00+00:00,fixed_rule_battery_hydrogen_grid_15min,728.751948,337.28,413.6,0.0,22.128052000000025,0.0,0.0,0.0,0.0,0.0,1828.6233240983988,1833.723588077581,300.0,300.0,rule_ok,
2017-01-01T13:45:00+00:00,fixed_rule_battery_hydrogen_grid_15min,728.196033,279.68,403.2,0.0,0.0,45.31603300000006,0.0,0.0,0.0,0.0,1833.723588077581,1821.4355533460619,300.0,300.0,rule_ok,
2017-01-01T14:00:00+00:00,fixed_rule_battery_hydrogen_grid_15min,739.609642,216.0,392.8,0.0,0.0,130.809642,0.0,0.0,0.0,0.0,1821.4355533460619,1785.9648089383686,300.0,300.0,rule_ok,
2017-01-01T14:15:00+00:00,fixed_rule_battery_hydrogen_grid_15min,743.79618,155.2,382.88,0.0,0.0,205.71618,0.0,0.0,0.0,0.0,1785.9648089383686,1730.1821775532374,300.0,300.0,rule_ok,
2017-01-01T14:30:00+00:00,fixed_rule_battery_hydrogen_grid_15min,750.062371,101.76,387.68,0.0,0.0,260.622371,0.0,0.0,0.0,0.0,1730.1821775532374,1659.5110147297203,300.0,300.0,rule_ok,
2017-01-01T14:45:00+00:00,fixed_rule_battery_hydrogen_grid_15min,751.27157,57.28,386.08,0.0,0.0,307.91157000000004,0.0,0.0,0.0,0.0,1659.5110147297203,1576.0167674200188,300.0,300.0,rule_ok,
2017-01-01T15:00:00+00:00,fixed_rule_battery_hydrogen_grid_15min,765.732831,26.24,386.4,0.0,0.0,353.09283100000005,0.0,0.0,0.0,0.0,1576.0167674200188,1480.2710305683745,300.0,300.0,rule_ok,
2017-01-01T15:15:00+00:00,fixed_rule_battery_hydrogen_grid_15min,771.224514,8.32,389.6,0.0,0.0,373.3045139999999,0.0,0.0,0.0,0.0,1480.2710305683745,1379.0446316586358,300.0,300.0,rule_ok,
2017-01-01T15:30:00+00:00,fixed_rule_battery_hydrogen_grid_15min,789.127889,2.56,392.8,0.0,0.0,393.767889,0.0,0.0,0.0,0.0,1379.0446316586358,1272.269321114816,300.0,300.0,rule_ok,
2017-01-01T15:45:00+00:00,fixed_rule_battery_hydrogen_grid_15min,811.947452,0.64,407.04,0.0,0.0,404.267452,0.0,0.0,0.0,0.0,1272.269321114816,1162.646916810389,300.0,300.0,rule_ok,
2017-01-01T16:00:00+00:00,fixed_rule_battery_hydrogen_grid_15min,836.940121,0.0,416.16,0.0,0.0,420.78012099999995,0.0,0.0,0.0,0.0,1162.646916810389,1048.5468864484897,300.0,300.0,rule_ok,
2017-01-01T16:15:00+00:00,fixed_rule_battery_hydrogen_grid_15min,852.560917,0.0,422.24,0.0,0.0,430.320917,0.0,0.0,0.0,0.0,1048.5468864484897,931.8597445312972,300.0,300.0,rule_ok,
2017-01-01T16:30:00+00:00,fixed_rule_battery_hydrogen_grid_15min,858.30181,0.0,417.76,0.0,0.0,440.54181000000005,0.0,0.0,0.0,0.0,931.8597445312972,812.4010738668479,300.0,300.0,rule_ok,
2017-01-01T16:45:00+00:00,fixed_rule_battery_hydrogen_grid_15min,860.807431,0.0,421.28,0.0,0.0,439.527431,0.0,0.0,0.0,0.0,812.4010738668479,693.2174653284882,300.0,300.0,rule_ok,
2017-01-01T17:00:00+00:00,fixed_rule_battery_hydrogen_grid_15min,864.820057,0.0,429.92,0.0,0.0,434.900057,0.0,0.0,0.0,0.0,693.2174653284882,575.2886297405261,300.0,300.0,rule_ok,
2017-01-01T17:15:00+00:00,fixed_rule_battery_hydrogen_grid_15min,867.564386,0.0,423.84,2.42080995199791,0.0,441.3035760480021,0.0,0.0,0.0,0.0,575.2886297405261,455.623396254147,300.0,300.0,rule_ok,
2017-01-01T17:30:00+00:00,fixed_rule_battery_hydrogen_grid_15min,865.877061,0.0,424.64,0.0,0.0,316.30357604800207,0.0,124.93348495199797,0.0,0.0,455.623396254147,369.85354680193296,300.0,298.2526785321399,rule_ok,
2017-01-01T17:45:00+00:00,fixed_rule_battery_hydrogen_grid_15min,862.38902,0.0,423.04,0.0,0.0,191.30357604800207,0.0,248.04544395199787,0.0,0.0,369.85354680193296,317.97908138388397,298.2526785321399,294.7835114838602,rule_ok,
2017-01-01T18:00:00+00:00,fixed_rule_battery_hydrogen_grid_15min,861.655811,0.0,426.08,0.0,0.0,66.30357604800206,0.0,369.2722349519979,0.0,0.0,317.97908138388397,300.0,294.7835114838602,289.6188648411749,rule_ok,
2017-01-01T18:15:00+00:00,fixed_rule_battery_hydrogen_grid_15min,853.615428,0.0,435.36,0.0,0.0,0.0,0.0,418.25542799999994,0.0,0.0,300.0,300.0,289.6188648411749,283.76913857544065,rule_ok,
2017-01-01T18:30:00+00:00,fixed_rule_battery_hydrogen_grid_15min,841.765703,0.0,442.08,0.0,0.0,0.0,0.0,399.68570300000005,0.0,0.0,300.0,300.0,283.76913857544065,278.1791287432728,rule_ok,
2017-01-01T18:45:00+00:00,fixed_rule_battery_hydrogen_grid_15min,831.453422,0.0,458.4,0.0,0.0,0.0,0.0,373.05342200000007,0.0,0.0,300.0,300.0,278.1791287432728,272.96159836565045,rule_ok,
2017-01-01T19:00:00+00:00,fixed_rule_battery_hydrogen_grid_15min,824.867532,0.0,476.96,0.0,0.0,0.0,0.0,347.907532,0.0,0.0,300.0,300.0,272.96159836565045,268.09575875725886,rule_ok,
2017-01-01T19:15:00+00:00,fixed_rule_battery_hydrogen_grid_15min,805.749973,0.0,474.56,0.0,0.0,0.0,0.0,331.18997299999995,0.0,0.0,300.0,300.0,268.09575875725886,263.46373116285326,rule_ok,
2017-01-01T19:30:00+00:00,fixed_rule_battery_hydrogen_grid_15min,790.16638,0.0,477.12,0.0,0.0,0.0,0.0,313.04638,0.0,0.0,300.0,300.0,263.46373116285326,259.08546011390223,rule_ok,
2017-01-01T19:45:00+00:00,fixed_rule_battery_hydrogen_grid_15min,781.504754,0.0,482.56,0.0,0.0,0.0,0.0,298.94475400000005,0.0,0.0,300.0,300.0,259.08546011390223,254.9044146034127,rule_ok,
2017-01-01T20:00:00+00:00,fixed_rule_battery_hydrogen_grid_15min,776.524484,0.0,489.44,0.0,0.0,0.0,0.0,287.08448400000003,0.0,0.0,300.0,300.0,254.9044146034127,250.8892469950211,rule_ok,
2017-01-01T20:15:00+00:00,fixed_rule_battery_hydrogen_grid_15min,767.492782,0.0,490.88,0.0,0.0,0.0,0.0,276.61278200000004,0.0,0.0,300.0,300.0,250.8892469950211,247.02053675725887,rule_ok,
2017-01-01T20:30:00+00:00,fixed_rule_battery_hydrogen_grid_15min,758.356591,0.0,497.28,0.0,0.0,0.0,0.0,261.076591,0.0,0.0,300.0,300.0,247.02053675725887,243.36911590411202,rule_ok,
2017-01-01T20:45:00+00:00,fixed_rule_battery_hydrogen_grid_15min,758.926924,0.0,509.44,0.0,0.0,0.0,0.0,249.486924,0.0,0.0,300.0,300.0,243.36911590411202,239.8797882957204,rule_ok,
2017-01-01T21:00:00+00:00,fixed_rule_battery_hydrogen_grid_15min,774.273768,0.0,519.84,0.0,0.0,0.0,0.0,254.433768,0.0,0.0,300.0,300.0,239.8797882957204,236.32127405795816,rule_ok,
2017-01-01T21:15:00+00:00,fixed_rule_battery_hydrogen_grid_15min,769.276409,0.0,521.92,0.0,0.0,0.0,0.0,247.35640899999999,0.0,0.0,300.0,300.0,236.32127405795816,232.86174386215396,rule_ok,
2017-01-01T21:30:00+00:00,fixed_rule_battery_hydrogen_grid_15min,762.303888,0.0,537.6,0.0,0.0,0.0,0.0,224.703888,0.0,0.0,300.0,300.0,232.86174386215396,229.71903214187424,rule_ok,
2017-01-01T21:45:00+00:00,fixed_rule_battery_hydrogen_grid_15min,752.746533,0.0,546.24,0.0,0.0,0.0,0.0,206.506533,0.0,0.0,300.0,300.0,229.71903214187424,226.83082888313297,rule_ok,
2017-01-01T22:00:00+00:00,fixed_rule_battery_hydrogen_grid_15min,737.491363,0.0,531.84,0.0,0.0,0.0,0.0,205.65136299999995,0.0,0.0,300.0,300.0,226.83082888313297,223.9545860439721,rule_ok,
2017-01-01T22:15:00+00:00,fixed_rule_battery_hydrogen_grid_15min,737.62202,0.0,525.28,0.0,0.0,0.0,0.0,212.34202000000005,0.0,0.0,300.0,300.0,223.9545860439721,220.98476758243365,rule_ok,
2017-01-01T22:30:00+00:00,fixed_rule_battery_hydrogen_grid_15min,714.822749,0.0,525.28,0.0,0.0,0.0,0.0,189.54274900000007,0.0,0.0,300.0,300.0,220.98476758243365,218.3338200439721,rule_ok,
2017-01-01T22:45:00+00:00,fixed_rule_battery_hydrogen_grid_15min,710.756009,0.0,529.6,0.0,0.0,0.0,0.0,181.15600899999993,0.0,0.0,300.0,300.0,218.3338200439721,215.80016956844764,rule_ok,
2017-01-01T23:00:00+00:00,fixed_rule_battery_hydrogen_grid_15min,696.570303,0.0,528.0,0.0,0.0,0.0,0.0,168.57030299999997,0.0,0.0,300.0,300.0,215.80016956844764,213.44254295306303,rule_ok,
2017-01-01T23:15:00+00:00,fixed_rule_battery_hydrogen_grid_15min,690.144797,0.0,528.8,0.0,0.0,0.0,0.0,161.34479700000009,0.0,0.0,300.0,300.0,213.44254295306303,211.18597236565043,rule_ok,
2017-01-01T23:30:00+00:00,fixed_rule_battery_hydrogen_grid_15min,680.825614,0.0,536.48,0.0,0.0,0.0,0.0,144.34561399999996,0.0,0.0,300.0,300.0,211.18597236565043,209.16715258942665,rule_ok,
2017-01-01T23:45:00+00:00,fixed_rule_battery_hydrogen_grid_15min,670.608388,0.0,540.96,0.0,0.0,0.0,0.0,129.64838799999995,0.0,0.0,300.0,300.0,209.16715258942665,207.3538884215945,rule_ok,
2017-01-02T00:00:00+00:00,fixed_rule_battery_hydrogen_grid_15min,659.459831,0.0,549.28,0.0,0.0,0.0,0.0,110.17983100000004,0.0,0.0,300.0,300.0,207.3538884215945,205.81291176425182,rule_ok,
2017-01-02T00:15:00+00:00,fixed_rule_battery_hydrogen_grid_15min,653.243483,0.0,559.2,0.0,0.0,0.0,0.0,94.04348299999992,0.0,0.0,300.0,300.0,205.81291176425182,204.49761829572034,rule_ok,
2017-01-02T00:30:00+00:00,fixed_rule_battery_hydrogen_grid_15min,645.547899,0.0,562.08,0.0,0.0,0.0,0.0,83.46789899999999,0.0,0.0,300.0,300.0,204.49761829572034,203.33023509292315,rule_ok,
2017-01-02T00:45:00+00:00,fixed_rule_battery_hydrogen_grid_15min,639.080205,0.0,553.44,0.0,0.0,0.0,0.0,85.64020499999992,0.0,0.0,300.0,300.0,203.33023509292315,202.13246998802805,rule_ok,
2017-01-02T01:00:00+00:00,fixed_rule_battery_hydrogen_grid_15min,636.891258,0.0,549.44,0.0,0.0,0.0,0.0,87.45125799999994,0.0,0.0,300.0,300.0,202.13246998802805,200.90937547054554,rule_ok,
2017-01-02T01:15:00+00:00,fixed_rule_battery_hydrogen_grid_15min,637.711868,0.0,544.64,0.0,0.0,0.0,0.0,93.071868,0.0,0.0,300.0,300.0,200.90937547054554,199.6076710229931,rule_ok,
2017-01-02T01:30:00+00:00,fixed_rule_battery_hydrogen_grid_15min,635.899761,0.0,545.12,0.0,0.0,0.0,0.0,90.77976100000001,0.0,0.0,300.0,300.0,199.6076710229931,198.33802401600008,rule_ok,
2017-01-02T01:45:00+00:00,fixed_rule_battery_hydrogen_grid_15min,635.557098,0.0,550.08,0.0,0.0,0.0,0.0,85.47709799999996,0.0,0.0,300.0,300.0,198.33802401600008,197.1425401278882,rule_ok,
2017-01-02T02:00:00+00:00,fixed_rule_battery_hydrogen_grid_15min,634.806978,0.0,557.92,0.0,0.0,0.0,0.0,76.886978,0.0,0.0,300.0,300.0,197.1425401278882,196.06719777823784,rule_ok,
2017-01-02T02:15:00+00:00,fixed_rule_battery_hydrogen_grid_15min,627.311829,0.0,552.8,0.0,0.0,0.0,0.0,74.51182900000003,0.0,0.0,300.0,300.0,196.06719777823784,195.02507429572034,rule_ok,
2017-01-02T02:30:00+00:00,fixed_rule_battery_hydrogen_grid_15min,636.833761,0.0,540.64,0.0,0.0,0.0,0.0,96.193761,0.0,0.0,300.0,300.0,195.02507429572034,193.67970700900705,rule_ok,
2017-01-02T02:45:00+00:00,fixed_rule_battery_hydrogen_grid_15min,639.383885,0.0,535.36,0.0,0.0,0.0,0.0,104.02388499999995,0.0,0.0,300.0,300.0,193.67970700900705,192.22482749851753,rule_ok,
2017-01-02T03:00:00+00:00,fixed_rule_battery_hydrogen_grid_15min,646.966968,0.0,527.84,0.0,0.0,0.0,0.0,119.12696799999992,0.0,0.0,300.0,300.0,192.22482749851753,190.5587160579581,rule_ok,
2017-01-02T03:15:00+00:00,fixed_rule_battery_hydrogen_grid_15min,659.245333,0.0,514.56,0.0,0.0,0.0,0.0,144.685333,0.0,0.0,300.0,300.0,190.5587160579581,188.535144967049,rule_ok,
2017-01-02T03:30:00+00:00,fixed_rule_battery_hydrogen_grid_15min,664.949557,0.0,511.2,0.0,0.0,0.0,0.0,153.74955700000004,0.0,0.0,300.0,300.0,188.535144967049,186.38480151250354,rule_ok,
2017-01-02T03:45:00+00:00,fixed_rule_battery_hydrogen_grid_15min,668.974643,0.0,511.68,0.0,0.0,0.0,0.0,157.294643,0.0,0.0,300.0,300.0,186.38480151250354,184.18487643558046,rule_ok,
2017-01-02T04:00:00+00:00,fixed_rule_battery_hydrogen_grid_15min,685.150998,0.0,508.8,0.0,0.0,0.0,0.0,176.35099799999995,0.0,0.0,300.0,300.0,184.18487643558046,181.71842891110495,rule_ok,
2017-01-02T04:15:00+00:00,fixed_rule_battery_hydrogen_grid_15min,697.383437,0.0,504.32,0.0,0.0,0.0,0.0,193.06343699999996,0.0,0.0,300.0,300.0,181.71842891110495,179.01824098103504,rule_ok,
2017-01-02T04:30:00+00:00,fixed_rule_battery_hydrogen_grid_15min,716.385292,0.0,508.96,0.0,0.0,0.0,0.0,207.42529200000007,0.0,0.0,300.0,300.0,179.01824098103504,176.11718794607,rule_ok,
2017-01-02T04:45:00+00:00,fixed_rule_battery_hydrogen_grid_15min,738.756634,0.0,521.44,0.0,0.0,0.0,0.0,217.3166339999999,0.0,0.0,300.0,300.0,176.11718794607,173.07779446355252,rule_ok,
2017-01-02T05:00:00+00:00,fixed_rule_battery_hydrogen_grid_15min,770.020477,0.0,522.08,0.0,0.0,0.0,0.0,247.940477,0.0,0.0,300.0,300.0,173.07779446355252,169.61009548453154,rule_ok,
2017-01-02T05:15:00+00:00,fixed_rule_battery_hydrogen_grid_15min,806.501517,0.0,524.64,0.0,0.0,0.0,0.0,281.86151700000005,0.0,0.0,300.0,300.0,169.61009548453154,165.66797636565042,rule_ok,
2017-01-02T05:30:00+00:00,fixed_rule_battery_hydrogen_grid_15min,834.792293,0.0,526.56,0.0,0.0,0.0,0.0,308.232293,0.0,0.0,300.0,300.0,165.66797636565042,161.35703520481127,rule_ok,
2017-01-02T05:45:00+00:00,fixed_rule_battery_hydrogen_grid_15min,866.685567,0.0,516.0,0.0,0.0,0.0,0.0,350.685567,0.0,0.0,300.0,300.0,161.35703520481127,156.45234196005603,rule_ok,
2017-01-02T06:00:00+00:00,fixed_rule_battery_hydrogen_grid_15min,896.67773,0.0,502.88,0.0,0.0,0.0,0.0,393.79773,0.0,0.0,300.0,300.0,156.45234196005603,150.94468140061548,rule_ok,
2017-01-02T06:15:00+00:00,fixed_rule_battery_hydrogen_grid_15min,916.398198,0.0,507.84,0.0,0.0,0.0,0.0,408.558198,0.0,0.0,300.0,300.0,150.94468140061548,145.2305807292868,rule_ok,
2017-01-02T06:30:00+00:00,fixed_rule_battery_hydrogen_grid_15min,942.142944,0.0,520.0,0.0,0.0,0.0,0.0,422.14294400000006,0.0,0.0,300.0,300.0,145.2305807292868,139.3264836104057,rule_ok,
2017-01-02T06:45:00+00:00,fixed_rule_battery_hydrogen_grid_15min,965.899,0.0,523.68,0.0,0.0,0.0,0.0,442.21900000000005,0.0,0.0,300.0,300.0,139.3264836104057,133.14160249152457,rule_ok,
2017-01-02T07:00:00+00:00,fixed_rule_battery_hydrogen_grid_15min,989.15913,1.28,511.52,0.0,0.0,0.0,0.0,476.35913000000005,0.0,0.0,300.0,300.0,133.14160249152457,126.47923703697911,rule_ok,
2017-01-02T07:15:00+00:00,fixed_rule_battery_hydrogen_grid_15min,997.113179,3.84,495.52,0.0,0.0,0.0,0.0,497.75317899999993,0.0,0.0,300.0,300.0,126.47923703697911,119.5176541139022,rule_ok,
2017-01-02T07:30:00+00:00,fixed_rule_battery_hydrogen_grid_15min,1009.128451,8.96,489.28,10.888451000000032,0.0,0.0,0.0,500.0,0.0,0.0,300.0,300.0,119.5176541139022,112.5246471208952,rule_ok,
2017-01-02T07:45:00+00:00,fixed_rule_battery_hydrogen_grid_15min,1022.230986,19.52,468.64,34.07098600000006,0.0,0.0,0.0,500.0,0.0,0.0,300.0,300.0,112.5246471208952,105.53164012788821,rule_ok,
2017-01-02T08:00:00+00:00,fixed_rule_battery_hydrogen_grid_15min,1027.425933,35.52,461.92,29.985932999999932,0.0,0.0,0.0,500.0,0.0,0.0,300.0,300.0,105.53164012788821,98.53863313488122,rule_ok,
2017-01-02T08:15:00+00:00,fixed_rule_battery_hydrogen_grid_15min,1039.912031,52.48,449.6,37.83203100000003,0.0,0.0,0.0,500.0,0.0,0.0,300.0,300.0,98.53863313488122,91.54562614187424,rule_ok,
2017-01-02T08:30:00+00:00,fixed_rule_battery_hydrogen_grid_15min,1145.516616,70.08,448.64,126.7966160000002,0.0,0.0,0.0,500.0,0.0,0.0,300.0,300.0,91.54562614187424,84.55261914886725,rule_ok,
2017-01-02T08:45:00+00:00,fixed_rule_battery_hydrogen_grid_15min,1153.281978,88.96,451.84,112.48197800000003,0.0,0.0,0.0,500.0,0.0,0.0,300.0,300.0,84.55261914886725,77.55961215586026,rule_ok,
2017-01-02T09:00:00+00:00,fixed_rule_battery_hydrogen_grid_15min,1161.022241,105.92,455.52,99.58224099999984,0.0,0.0,0.0,500.0,0.0,0.0,300.0,300.0,77.55961215586026,70.56660516285328,rule_ok,
2017-01-02T09:15:00+00:00,fixed_rule_battery_hydrogen_grid_15min,1166.457497,122.24,445.76,223.45749690000014,0.0,0.0,0.0,375.00000009999997,0.0,0.0,300.0,300.0,70.56660516285328,65.32184991669943,rule_ok,
2017-01-02T09:30:00+00:00,fixed_rule_battery_hydrogen_grid_15min,1174.400688,137.28,440.16,346.9606878999999,0.0,0.0,0.0,250.0000001,0.0,0.0,300.0,300.0,65.32184991669943,61.82534641879734,rule_ok,
2017-01-02T09:45:00+00:00,fixed_rule_battery_hydrogen_grid_15min,1182.676217,153.6,436.64,467.4362169000001,0.0,0.0,0.0,125.0000001,0.0,0.0,300.0,300.0,61.82534641879734,60.07709466914699,rule_ok,
2017-01-02T10:00:00+00:00,fixed_rule_battery_hydrogen_grid_15min,1188.442387,165.44,428.16,500.0,0.0,0.0,0.0,0.0,0.0,94.84238699999992,300.0,300.0,60.07709466914699,60.07709466914699,rule_unserved,
2017-01-02T10:15:00+00:00,fixed_rule_battery_hydrogen_grid_15min,1192.923348,184.32,428.0,500.0,0.0,0.0,0.0,0.0,0.0,80.6033480000001,300.0,300.0,60.07709466914699,60.07709466914699,rule_unserved,
2017-01-02T10:30:00+00:00,fixed_rule_battery_hydrogen_grid_15min,1193.197122,203.84,416.64,500.0,0.0,0.0,0.0,0.0,0.0,72.71712200000002,300.0,300.0,60.07709466914699,60.07709466914699,rule_unserved,
2017-01-02T10:45:00+00:00,fixed_rule_battery_hydrogen_grid_15min,1198.761788,213.12,419.68,500.0,0.0,0.0,0.0,0.0,0.0,65.96178800000007,300.0,300.0,60.07709466914699,60.07709466914699,rule_unserved,
2017-01-02T11:00:00+00:00,fixed_rule_battery_hydrogen_grid_15min,1197.960224,223.36,428.96,500.0,0.0,0.0,0.0,0.0,0.0,45.64022399999999,300.0,300.0,60.07709466914699,60.07709466914699,rule_unserved,
2017-01-02T11:15:00+00:00,fixed_rule_battery_hydrogen_grid_15min,1197.567898,232.96,428.48,500.0,0.0,0.0,0.0,0.0,0.0,36.12789799999996,300.0,300.0,60.07709466914699,60.07709466914699,rule_unserved,
2017-01-02T11:30:00+00:00,fixed_rule_battery_hydrogen_grid_15min,1198.009532,232.32,436.8,500.0,0.0,0.0,0.0,0.0,0.0,28.889532000000145,300.0,300.0,60.07709466914699,60.07709466914699,rule_unserved,
2017-01-02T11:45:00+00:00,fixed_rule_battery_hydrogen_grid_15min,1192.681081,226.88,441.76,500.0,0.0,0.0,0.0,0.0,0.0,24.041080999999963,300.0,300.0,60.07709466914699,60.07709466914699,rule_unserved,
2017-01-02T12:00:00+00:00,fixed_rule_battery_hydrogen_grid_15min,1192.05254,216.64,438.72,500.0,0.0,0.0,0.0,0.0,0.0,36.692539999999894,300.0,300.0,60.07709466914699,60.07709466914699,rule_unserved,
2017-01-02T12:15:00+00:00,fixed_rule_battery_hydrogen_grid_15min,1181.492117,210.88,426.08,500.0,0.0,0.0,0.0,0.0,0.0,44.53211699999997,300.0,300.0,60.07709466914699,60.07709466914699,rule_unserved,
2017-01-02T12:30:00+00:00,fixed_rule_battery_hydrogen_grid_15min,1170.790357,198.72,429.44,500.0,0.0,0.0,0.0,0.0,0.0,42.630357000000004,300.0,300.0,60.07709466914699,60.07709466914699,rule_unserved,
2017-01-02T12:45:00+00:00,fixed_rule_battery_hydrogen_grid_15min,1161.397479,180.48,444.96,500.0,0.0,0.0,0.0,0.0,0.0,35.95747899999992,300.0,300.0,60.07709466914699,60.07709466914699,rule_unserved,
2017-01-02T13:00:00+00:00,fixed_rule_battery_hydrogen_grid_15min,1157.376309,157.12,444.16,500.0,0.0,0.0,0.0,0.0,0.0,56.09630900000002,300.0,300.0,60.07709466914699,60.07709466914699,rule_unserved,
2017-01-02T13:15:00+00:00,fixed_rule_battery_hydrogen_grid_15min,1158.02906,135.04,451.2,500.0,0.0,0.0,0.0,0.0,0.0,71.78906000000006,300.0,300.0,60.07709466914699,60.07709466914699,rule_unserved,
2017-01-02T13:30:00+00:00,fixed_rule_battery_hydrogen_grid_15min,1158.177695,114.24,460.0,500.0,0.0,0.0,0.0,0.0,0.0,83.93769500000008,300.0,300.0,60.07709466914699,60.07709466914699,rule_unserved,
2017-01-02T13:45:00+00:00,fixed_rule_battery_hydrogen_grid_15min,1151.510456,95.36,455.04,500.0,0.0,0.0,0.0,0.0,0.0,101.11045600000011,300.0,300.0,60.07709466914699,60.07709466914699,rule_unserved,
2017-01-02T14:00:00+00:00,fixed_rule_battery_hydrogen_grid_15min,1151.040162,73.92,449.28,500.0,0.0,0.0,0.0,0.0,0.0,127.84016199999996,300.0,300.0,60.07709466914699,60.07709466914699,rule_unserved,
2017-01-02T14:15:00+00:00,fixed_rule_battery_hydrogen_grid_15min,1146.088195,51.52,448.48,500.0,0.0,0.0,0.0,0.0,0.0,146.08819500000004,300.0,300.0,60.07709466914699,60.07709466914699,rule_unserved,
2017-01-02T14:30:00+00:00,fixed_rule_battery_hydrogen_grid_15min,1141.836862,32.96,454.56,500.0,0.0,0.0,0.0,0.0,0.0,154.31686200000013,300.0,300.0,60.07709466914699,60.07709466914699,rule_unserved,
2017-01-02T14:45:00+00:00,fixed_rule_battery_hydrogen_grid_15min,1141.048649,19.2,467.2,500.0,0.0,0.0,0.0,0.0,0.0,154.64864899999998,300.0,300.0,60.07709466914699,60.07709466914699,rule_unserved,
2017-01-02T15:00:00+00:00,fixed_rule_battery_hydrogen_grid_15min,1142.255,9.28,463.68,500.0,0.0,0.0,0.0,0.0,0.0,169.29500000000007,300.0,300.0,60.07709466914699,60.07709466914699,rule_unserved,
2017-01-02T15:15:00+00:00,fixed_rule_battery_hydrogen_grid_15min,1146.959538,4.16,466.24,500.0,0.0,0.0,0.0,0.0,0.0,176.55953799999997,300.0,300.0,60.07709466914699,60.07709466914699,rule_unserved,
2017-01-02T15:30:00+00:00,fixed_rule_battery_hydrogen_grid_15min,1167.494563,1.6,481.6,500.0,0.0,0.0,0.0,0.0,0.0,184.29456300000004,300.0,300.0,60.07709466914699,60.07709466914699,rule_unserved,
2017-01-02T15:45:00+00:00,fixed_rule_battery_hydrogen_grid_15min,1185.066846,0.32,490.88,500.0,0.0,0.0,0.0,0.0,0.0,193.866846,300.0,300.0,60.07709466914699,60.07709466914699,rule_unserved,
2017-01-02T16:00:00+00:00,fixed_rule_battery_hydrogen_grid_15min,1206.566312,0.0,501.6,500.0,0.0,0.0,0.0,0.0,0.0,204.9663119999999,300.0,300.0,60.07709466914699,60.07709466914699,rule_unserved,
2017-01-02T16:15:00+00:00,fixed_rule_battery_hydrogen_grid_15min,1212.641323,0.0,512.48,500.0,0.0,0.0,0.0,0.0,0.0,200.16132300000004,300.0,300.0,60.07709466914699,60.07709466914699,rule_unserved,
2017-01-02T16:30:00+00:00,fixed_rule_battery_hydrogen_grid_15min,1219.169717,0.0,530.08,500.0,0.0,0.0,0.0,0.0,0.0,189.08971699999995,300.0,300.0,60.07709466914699,60.07709466914699,rule_unserved,
2017-01-02T16:45:00+00:00,fixed_rule_battery_hydrogen_grid_15min,1219.273673,0.0,544.96,500.0,0.0,0.0,0.0,0.0,0.0,174.31367299999988,300.0,300.0,60.07709466914699,60.07709466914699,rule_unserved,
2017-01-02T17:00:00+00:00,fixed_rule_battery_hydrogen_grid_15min,1211.220474,0.0,556.0,500.0,0.0,0.0,0.0,0.0,0.0,155.22047399999997,300.0,300.0,60.07709466914699,60.07709466914699,rule_unserved,
2017-01-02T17:15:00+00:00,fixed_rule_battery_hydrogen_grid_15min,1206.512198,0.0,569.92,500.0,0.0,0.0,0.0,0.0,0.0,136.59219799999994,300.0,300.0,60.07709466914699,60.07709466914699,rule_unserved,
2017-01-02T17:30:00+00:00,fixed_rule_battery_hydrogen_grid_15min,1206.755533,0.0,594.08,500.0,0.0,0.0,0.0,0.0,0.0,112.67553299999997,300.0,300.0,60.07709466914699,60.07709466914699,rule_unserved,
2017-01-02T17:45:00+00:00,fixed_rule_battery_hydrogen_grid_15min,1202.573801,0.0,595.36,500.0,0.0,0.0,0.0,0.0,0.0,107.21380099999999,300.0,300.0,60.07709466914699,60.07709466914699,rule_unserved,
2017-01-02T18:00:00+00:00,fixed_rule_battery_hydrogen_grid_15min,1196.77737,0.0,597.12,500.0,0.0,0.0,0.0,0.0,0.0,99.65737000000001,300.0,300.0,60.07709466914699,60.07709466914699,rule_unserved,
2017-01-02T18:15:00+00:00,fixed_rule_battery_hydrogen_grid_15min,1191.294587,0.0,607.52,500.0,0.0,0.0,0.0,0.0,0.0,83.77458700000011,300.0,300.0,60.07709466914699,60.07709466914699,rule_unserved,
2017-01-02T18:30:00+00:00,fixed_rule_battery_hydrogen_grid_15min,1184.838642,0.0,598.88,500.0,0.0,0.0,0.0,0.0,0.0,85.95864199999994,300.0,300.0,60.07709466914699,60.07709466914699,rule_unserved,
2017-01-02T18:45:00+00:00,fixed_rule_battery_hydrogen_grid_15min,1179.904831,0.0,590.88,500.0,0.0,0.0,0.0,0.0,0.0,89.02483100000006,300.0,300.0,60.07709466914699,60.07709466914699,rule_unserved,
2017-01-02T19:00:00+00:00,fixed_rule_battery_hydrogen_grid_15min,1148.126905,0.0,603.04,500.0,0.0,0.0,0.0,0.0,0.0,45.086905000000115,300.0,300.0,60.07709466914699,60.07709466914699,rule_unserved,
2017-01-02T19:15:00+00:00,fixed_rule_battery_hydrogen_grid_15min,1125.666738,0.0,591.84,500.0,0.0,0.0,0.0,0.0,0.0,33.826737999999864,300.0,300.0,60.07709466914699,60.07709466914699,rule_unserved,
2017-01-02T19:30:00+00:00,fixed_rule_battery_hydrogen_grid_15min,1107.185909,0.0,599.04,500.0,0.0,0.0,0.0,0.0,0.0,8.145909000000074,300.0,300.0,60.07709466914699,60.07709466914699,rule_unserved,
2017-01-02T19:45:00+00:00,fixed_rule_battery_hydrogen_grid_15min,1091.444958,0.0,601.6,489.844958,0.0,0.0,0.0,0.0,0.0,0.0,300.0,300.0,60.07709466914699,60.07709466914699,rule_ok,
2017-01-02T20:00:00+00:00,fixed_rule_battery_hydrogen_grid_15min,1073.165455,0.0,605.76,467.4054550000001,0.0,0.0,0.0,0.0,0.0,0.0,300.0,300.0,60.07709466914699,60.07709466914699,rule_ok,
2017-01-02T20:15:00+00:00,fixed_rule_battery_hydrogen_grid_15min,1062.211993,0.0,612.48,449.7319929999999,0.0,0.0,0.0,0.0,0.0,0.0,300.0,300.0,60.07709466914699,60.07709466914699,rule_ok,
2017-01-02T20:30:00+00:00,fixed_rule_battery_hydrogen_grid_15min,1051.857168,0.0,615.2,436.65716799999996,0.0,0.0,0.0,0.0,0.0,0.0,300.0,300.0,60.07709466914699,60.07709466914699,rule_ok,
2017-01-02T20:45:00+00:00,fixed_rule_battery_hydrogen_grid_15min,1046.536193,0.0,621.12,425.4161929999999,0.0,0.0,0.0,0.0,0.0,0.0,300.0,300.0,60.07709466914699,60.07709466914699,rule_ok,
2017-01-02T21:00:00+00:00,fixed_rule_battery_hydrogen_grid_15min,1056.345962,0.0,621.92,434.42596200000014,0.0,0.0,0.0,0.0,0.0,0.0,300.0,300.0,60.07709466914699,60.07709466914699,rule_ok,
2017-01-02T21:15:00+00:00,fixed_rule_battery_hydrogen_grid_15min,1044.587376,0.0,634.88,409.70737599999995,0.0,0.0,0.0,0.0,0.0,0.0,300.0,300.0,60.07709466914699,60.07709466914699,rule_ok,
2017-01-02T21:30:00+00:00,fixed_rule_battery_hydrogen_grid_15min,1025.747152,0.0,639.2,386.54715199999987,0.0,0.0,0.0,0.0,0.0,0.0,300.0,300.0,60.07709466914699,60.07709466914699,rule_ok,
2017-01-02T21:45:00+00:00,fixed_rule_battery_hydrogen_grid_15min,1007.005187,0.0,640.0,367.005187,0.0,0.0,0.0,0.0,0.0,0.0,300.0,300.0,60.07709466914699,60.07709466914699,rule_ok,
2017-01-02T22:00:00+00:00,fixed_rule_battery_hydrogen_grid_15min,988.742594,0.0,655.36,333.38259400000004,0.0,0.0,0.0,0.0,0.0,0.0,300.0,300.0,60.07709466914699,60.07709466914699,rule_ok,
2017-01-02T22:15:00+00:00,fixed_rule_battery_hydrogen_grid_15min,977.587807,0.0,671.52,306.067807,0.0,0.0,0.0,0.0,0.0,0.0,300.0,300.0,60.07709466914699,60.07709466914699,rule_ok,
2017-01-02T22:30:00+00:00,fixed_rule_battery_hydrogen_grid_15min,961.123082,0.0,678.56,282.563082,0.0,0.0,0.0,0.0,0.0,0.0,300.0,300.0,60.07709466914699,60.07709466914699,rule_ok,
2017-01-02T22:45:00+00:00,fixed_rule_battery_hydrogen_grid_15min,949.351858,0.0,695.2,254.15185799999995,0.0,0.0,0.0,0.0,0.0,0.0,300.0,300.0,60.07709466914699,60.07709466914699,rule_ok,
2017-01-02T23:00:00+00:00,fixed_rule_battery_hydrogen_grid_15min,934.709564,0.0,699.68,235.02956400000005,0.0,0.0,0.0,0.0,0.0,0.0,300.0,300.0,60.07709466914699,60.07709466914699,rule_ok,
2017-01-02T23:15:00+00:00,fixed_rule_battery_hydrogen_grid_15min,920.562663,0.0,705.92,214.64266300000008,0.0,0.0,0.0,0.0,0.0,0.0,300.0,300.0,60.07709466914699,60.07709466914699,rule_ok,
2017-01-02T23:30:00+00:00,fixed_rule_battery_hydrogen_grid_15min,911.902106,0.0,718.72,193.18210599999998,0.0,0.0,0.0,0.0,0.0,0.0,300.0,300.0,60.07709466914699,60.07709466914699,rule_ok,
2017-01-02T23:45:00+00:00,fixed_rule_battery_hydrogen_grid_15min,893.438009,0.0,717.92,175.518009,0.0,0.0,0.0,0.0,0.0,0.0,300.0,300.0,60.07709466914699,60.07709466914699,rule_ok,
2017-01-03T00:00:00+00:00,fixed_rule_battery_hydrogen_grid_15min,878.451807,0.0,710.56,167.89180700000009,0.0,0.0,0.0,0.0,0.0,0.0,300.0,300.0,60.07709466914699,60.07709466914699,rule_ok,
2017-01-03T00:15:00+00:00,fixed_rule_battery_hydrogen_grid_15min,872.106938,0.0,716.8,155.30693800000006,0.0,0.0,0.0,0.0,0.0,0.0,300.0,300.0,60.07709466914699,60.07709466914699,rule_ok,
2017-01-03T00:30:00+00:00,fixed_rule_battery_hydrogen_grid_15min,862.209946,0.0,715.36,146.84994599999993,0.0,0.0,0.0,0.0,0.0,0.0,300.0,300.0,60.07709466914699,60.07709466914699,rule_ok,
2017-01-03T00:45:00+00:00,fixed_rule_battery_hydrogen_grid_15min,859.820206,0.0,723.52,136.300206,0.0,0.0,0.0,0.0,0.0,0.0,300.0,300.0,60.07709466914699,60.07709466914699,rule_ok,
2017-01-03T01:00:00+00:00,fixed_rule_battery_hydrogen_grid_15min,851.282473,0.0,727.84,123.44247299999995,0.0,0.0,0.0,0.0,0.0,0.0,300.0,300.0,60.07709466914699,60.07709466914699,rule_ok,
2017-01-03T01:15:00+00:00,fixed_rule_battery_hydrogen_grid_15min,849.392042,0.0,727.84,121.55204199999991,0.0,0.0,0.0,0.0,0.0,0.0,300.0,300.0,60.07709466914699,60.07709466914699,rule_ok,
2017-01-03T01:30:00+00:00,fixed_rule_battery_hydrogen_grid_15min,846.16763,0.0,740.96,105.20763,0.0,0.0,0.0,0.0,0.0,0.0,300.0,300.0,60.07709466914699,60.07709466914699,rule_ok,
2017-01-03T01:45:00+00:00,fixed_rule_battery_hydrogen_grid_15min,844.576606,0.0,753.92,90.65660600000001,0.0,0.0,0.0,0.0,0.0,0.0,300.0,300.0,60.07709466914699,60.07709466914699,rule_ok,
2017-01-03T02:00:00+00:00,fixed_rule_battery_hydrogen_grid_15min,847.535255,0.0,769.6,77.93525499999998,0.0,0.0,0.0,0.0,0.0,0.0,300.0,300.0,60.07709466914699,60.07709466914699,rule_ok,
2017-01-03T02:15:00+00:00,fixed_rule_battery_hydrogen_grid_15min,843.610742,0.0,767.2,76.41074199999991,0.0,0.0,0.0,0.0,0.0,0.0,300.0,300.0,60.07709466914699,60.07709466914699,rule_ok,
2017-01-03T02:30:00+00:00,fixed_rule_battery_hydrogen_grid_15min,848.78415,0.0,797.28,51.50414999999998,0.0,0.0,0.0,0.0,0.0,0.0,300.0,300.0,60.07709466914699,60.07709466914699,rule_ok,
2017-01-03T02:45:00+00:00,fixed_rule_battery_hydrogen_grid_15min,849.849164,0.0,801.6,48.24916399999995,0.0,0.0,0.0,0.0,0.0,0.0,300.0,300.0,60.07709466914699,60.07709466914699,rule_ok,
2017-01-03T03:00:00+00:00,fixed_rule_battery_hydrogen_grid_15min,852.771855,0.0,800.0,52.77185499999996,0.0,0.0,0.0,0.0,0.0,0.0,300.0,300.0,60.07709466914699,60.07709466914699,rule_ok,
2017-01-03T03:15:00+00:00,fixed_rule_battery_hydrogen_grid_15min,858.196074,0.0,804.32,53.8760739999999,0.0,0.0,0.0,0.0,0.0,0.0,300.0,300.0,60.07709466914699,60.07709466914699,rule_ok,
2017-01-03T03:30:00+00:00,fixed_rule_battery_hydrogen_grid_15min,864.14381,0.0,815.84,48.30381,0.0,0.0,0.0,0.0,0.0,0.0,300.0,300.0,60.07709466914699,60.07709466914699,rule_ok,
2017-01-03T03:45:00+00:00,fixed_rule_battery_hydrogen_grid_15min,875.358763,0.0,827.68,47.678763000000004,0.0,0.0,0.0,0.0,0.0,0.0,300.0,300.0,60.07709466914699,60.07709466914699,rule_ok,
2017-01-03T04:00:00+00:00,fixed_rule_battery_hydrogen_grid_15min,885.698814,0.0,837.44,48.258813999999916,0.0,0.0,0.0,0.0,0.0,0.0,300.0,300.0,60.07709466914699,60.07709466914699,rule_ok,
2017-01-03T04:15:00+00:00,fixed_rule_battery_hydrogen_grid_15min,894.397999,0.0,840.32,54.07799899999998,0.0,0.0,0.0,0.0,0.0,0.0,300.0,300.0,60.07709466914699,60.07709466914699,rule_ok,
2017-01-03T04:30:00+00:00,fixed_rule_battery_hydrogen_grid_15min,908.358527,0.0,855.68,52.67852700000003,0.0,0.0,0.0,0.0,0.0,0.0,300.0,300.0,60.07709466914699,60.07709466914699,rule_ok,
2017-01-03T04:45:00+00:00,fixed_rule_battery_hydrogen_grid_15min,926.684668,0.0,865.76,60.924668,0.0,0.0,0.0,0.0,0.0,0.0,300.0,300.0,60.07709466914699,60.07709466914699,rule_ok,
2017-01-03T05:00:00+00:00,fixed_rule_battery_hydrogen_grid_15min,959.704013,0.0,884.48,75.22401300000001,0.0,0.0,0.0,0.0,0.0,0.0,300.0,300.0,60.07709466914699,60.07709466914699,rule_ok,
2017-01-03T05:15:00+00:00,fixed_rule_battery_hydrogen_grid_15min,990.194239,0.0,888.48,101.71423900000002,0.0,0.0,0.0,0.0,0.0,0.0,300.0,300.0,60.07709466914699,60.07709466914699,rule_ok,
2017-01-03T05:30:00+00:00,fixed_rule_battery_hydrogen_grid_15min,1010.065834,0.0,894.72,115.34583399999997,0.0,0.0,0.0,0.0,0.0,0.0,300.0,300.0,60.07709466914699,60.07709466914699,rule_ok,
2017-01-03T05:45:00+00:00,fixed_rule_battery_hydrogen_grid_15min,1039.752181,0.0,907.52,132.23218100000008,0.0,0.0,0.0,0.0,0.0,0.0,300.0,300.0,60.07709466914699,60.07709466914699,rule_ok,
2017-01-03T06:00:00+00:00,fixed_rule_battery_hydrogen_grid_15min,1069.580045,0.0,925.28,144.30004499999995,0.0,0.0,0.0,0.0,0.0,0.0,300.0,300.0,60.07709466914699,60.07709466914699,rule_ok,
2017-01-03T06:15:00+00:00,fixed_rule_battery_hydrogen_grid_15min,1092.680858,0.0,948.64,144.04085799999996,0.0,0.0,0.0,0.0,0.0,0.0,300.0,300.0,60.07709466914699,60.07709466914699,rule_ok,
2017-01-03T06:30:00+00:00,fixed_rule_battery_hydrogen_grid_15min,1120.043685,0.0,964.64,155.4036850000001,0.0,0.0,0.0,0.0,0.0,0.0,300.0,300.0,60.07709466914699,60.07709466914699,rule_ok,
2017-01-03T06:45:00+00:00,fixed_rule_battery_hydrogen_grid_15min,1147.805781,0.0,976.0,171.80578100000002,0.0,0.0,0.0,0.0,0.0,0.0,300.0,300.0,60.07709466914699,60.07709466914699,rule_ok,
2017-01-03T07:00:00+00:00,fixed_rule_battery_hydrogen_grid_15min,1168.480898,1.6,980.8,186.08089800000016,0.0,0.0,0.0,0.0,0.0,0.0,300.0,300.0,60.07709466914699,60.07709466914699,rule_ok,
2017-01-03T07:15:00+00:00,fixed_rule_battery_hydrogen_grid_15min,1167.160979,3.52,970.4,193.24097900000004,0.0,0.0,0.0,0.0,0.0,0.0,300.0,300.0,60.07709466914699,60.07709466914699,rule_ok,
2017-01-03T07:30:00+00:00,fixed_rule_battery_hydrogen_grid_15min,1175.75247,5.12,972.48,198.15247,0.0,0.0,0.0,0.0,0.0,0.0,300.0,300.0,60.07709466914699,60.07709466914699,rule_ok,
2017-01-03T07:45:00+00:00,fixed_rule_battery_hydrogen_grid_15min,1180.715118,11.84,995.52,173.35511800000018,0.0,0.0,0.0,0.0,0.0,0.0,300.0,300.0,60.07709466914699,60.07709466914699,rule_ok,
2017-01-03T08:00:00+00:00,fixed_rule_battery_hydrogen_grid_15min,1187.665388,22.72,1017.76,147.18538799999988,0.0,0.0,0.0,0.0,0.0,0.0,300.0,300.0,60.07709466914699,60.07709466914699,rule_ok,
2017-01-03T08:15:00+00:00,fixed_rule_battery_hydrogen_grid_15min,1196.477607,36.48,1026.88,133.1176069999999,0.0,0.0,0.0,0.0,0.0,0.0,300.0,300.0,60.07709466914699,60.07709466914699,rule_ok,
2017-01-03T08:30:00+00:00,fixed_rule_battery_hydrogen_grid_15min,1205.331124,49.6,1038.72,117.01112400000011,0.0,0.0,0.0,0.0,0.0,0.0,300.0,300.0,60.07709466914699,60.07709466914699,rule_ok,
2017-01-03T08:45:00+00:00,fixed_rule_battery_hydrogen_grid_15min,1211.367508,62.72,1064.48,84.167508,0.0,0.0,0.0,0.0,0.0,0.0,300.0,300.0,60.07709466914699,60.07709466914699,rule_ok,
2017-01-03T09:00:00+00:00,fixed_rule_battery_hydrogen_grid_15min,1216.651101,74.56,1084.48,57.61110099999996,0.0,0.0,0.0,0.0,0.0,0.0,300.0,300.0,60.07709466914699,60.07709466914699,rule_ok,
2017-01-03T09:15:00+00:00,fixed_rule_battery_hydrogen_grid_15min,1220.107456,88.0,1107.68,24.427455999999893,0.0,0.0,0.0,0.0,0.0,0.0,300.0,300.0,60.07709466914699,60.07709466914699,rule_ok,
2017-01-03T09:30:00+00:00,fixed_rule_battery_hydrogen_grid_15min,1230.065149,98.56,1128.96,2.5451490000000376,0.0,0.0,0.0,0.0,0.0,0.0,300.0,300.0,60.07709466914699,60.07709466914699,rule_ok,
2017-01-03T09:45:00+00:00,fixed_rule_battery_hydrogen_grid_15min,1234.203981,111.04,1141.76,0.0,18.596018999999842,0.0,0.0,0.0,0.0,0.0,300.0,304.28617059747904,60.07709466914699,60.07709466914699,rule_ok,
2017-01-03T10:00:00+00:00,fixed_rule_battery_hydrogen_grid_15min,1242.765924,126.08,1164.96,0.0,48.27407599999992,0.0,0.0,0.0,0.0,0.0,304.28617059747904,315.4127953428974,60.07709466914699,60.07709466914699,rule_ok,
2017-01-03T10:15:00+00:00,fixed_rule_battery_hydrogen_grid_15min,1249.375667,140.48,1192.16,0.0,83.26433300000008,0.0,0.0,0.0,0.0,0.0,315.4127953428974,334.6042758379059,60.07709466914699,60.07709466914699,rule_ok,
2017-01-03T10:30:00+00:00,fixed_rule_battery_hydrogen_grid_15min,1256.633532,150.4,1205.6,0.0,99.36646799999994,0.0,0.0,0.0,0.0,0.0,334.6042758379059,357.5071150701602,60.07709466914699,60.07709466914699,rule_ok,
2017-01-03T10:45:00+00:00,fixed_rule_battery_hydrogen_grid_15min,1251.975988,163.2,1212.96,0.0,124.18401200000017,0.0,0.0,0.0,0.0,0.0,357.5071150701602,386.13011555813506,60.07709466914699,60.07709466914699,rule_ok,
2017-01-03T11:00:00+00:00,fixed_rule_battery_hydrogen_grid_15min,1247.103946,167.68,1235.2,0.0,155.77605400000016,0.0,0.0,0.0,0.0,0.0,386.13011555813506,422.03472193900154,60.07709466914699,60.07709466914699,rule_ok,
2017-01-03T11:15:00+00:00,fixed_rule_battery_hydrogen_grid_15min,1249.118091,173.44,1250.08,0.0,174.40190899999993,0.0,0.0,0.0,0.0,0.0,422.03472193900154,462.2323757755577,60.07709466914699,60.07709466914699,rule_ok,
2017-01-03T11:30:00+00:00,fixed_rule_battery_hydrogen_grid_15min,1252.407476,171.52,1259.2,0.0,178.31252399999994,0.0,0.0,0.0,0.0,0.0,462.2323757755577,503.33138183331033,60.07709466914699,60.07709466914699,rule_ok,
2017-01-03T11:45:00+00:00,fixed_rule_battery_hydrogen_grid_15min,1251.523495,172.48,1267.68,0.0,188.63650500000017,0.0,0.0,0.0,0.0,0.0,503.33138183331033,546.8099479362066,60.07709466914699,60.07709466914699,rule_ok,
2017-01-03T12:00:00+00:00,fixed_rule_battery_hydrogen_grid_15min,1246.624752,163.52,1282.24,0.0,199.13524800000005,0.0,0.0,0.0,0.0,0.0,546.8099479362066,592.7083547349578,60.07709466914699,60.07709466914699,rule_ok,
2017-01-03T12:15:00+00:00,fixed_rule_battery_hydrogen_grid_15min,1242.313431,160.32,1299.52,0.0,217.52656899999988,0.0,0.0,0.0,0.0,0.0,592.7083547349578,642.845751573405,60.07709466914699,60.07709466914699,rule_ok,
2017-01-03T12:30:00+00:00,fixed_rule_battery_hydrogen_grid_15min,1243.026525,147.84,1310.08,0.0,214.89347499999985,0.0,0.0,0.0,0.0,0.0,642.845751573405,692.3762502320214,60.07709466914699,60.07709466914699,rule_ok,
2017-01-03T12:45:00+00:00,fixed_rule_battery_hydrogen_grid_15min,1236.15618,137.28,1315.2,0.0,216.32382000000007,0.0,0.0,0.0,0.0,0.0,692.3762502320214,742.2364271235571,60.07709466914699,60.07709466914699,rule_ok,
2017-01-03T13:00:00+00:00,fixed_rule_battery_hydrogen_grid_15min,1234.179061,123.2,1317.6,0.0,206.6209389999999,0.0,0.0,0.0,0.0,0.0,742.2364271235571,789.8602004465096,60.07709466914699,60.07709466914699,rule_ok,
2017-01-03T13:15:00+00:00,fixed_rule_battery_hydrogen_grid_15min,1231.870492,104.64,1322.24,0.0,195.0095080000001,0.0,0.0,0.0,0.0,0.0,789.8602004465096,834.8076711615299,60.07709466914699,60.07709466914699,rule_ok,
2017-01-03T13:30:00+00:00,fixed_rule_battery_hydrogen_grid_15min,1226.720404,88.64,1330.08,0.0,191.9995960000001,0.0,0.0,0.0,0.0,0.0,834.8076711615299,879.0613914391367,60.07709466914699,60.07709466914699,rule_ok,
2017-01-03T13:45:00+00:00,fixed_rule_battery_hydrogen_grid_15min,1221.642052,72.96,1340.32,0.0,191.63794800000005,0.0,0.0,0.0,0.0,0.0,879.0613914391367,923.2317559713963,60.07709466914699,60.07709466914699,rule_ok,
2017-01-03T14:00:00+00:00,fixed_rule_battery_hydrogen_grid_15min,1226.25812,56.96,1355.68,0.0,186.38188000000014,0.0,0.0,0.0,0.0,0.0,923.2317559713963,966.190656688742,60.07709466914699,60.07709466914699,rule_ok,
2017-01-03T14:15:00+00:00,fixed_rule_battery_hydrogen_grid_15min,1226.649023,40.64,1370.24,0.0,184.23097700000017,0.0,0.0,0.0,0.0,0.0,966.190656688742,1008.6537987602921,60.07709466914699,60.07709466914699,rule_ok,
2017-01-03T14:30:00+00:00,fixed_rule_battery_hydrogen_grid_15min,1224.403291,26.24,1382.4,0.0,184.23670900000002,0.0,0.0,0.0,0.0,0.0,1008.6537987602921,1051.118261992563,60.07709466914699,60.07709466914699,rule_ok,
2017-01-03T14:45:00+00:00,fixed_rule_battery_hydrogen_grid_15min,1221.33499,16.32,1398.24,0.0,193.22500999999988,0.0,0.0,0.0,0.0,0.0,1051.118261992563,1095.6544262414595,60.07709466914699,60.07709466914699,rule_ok,
2017-01-03T15:00:00+00:00,fixed_rule_battery_hydrogen_grid_15min,1230.270034,8.96,1409.12,0.0,187.80996600000003,0.0,0.0,0.0,0.0,0.0,1095.6544262414595,1138.9424845179512,60.07709466914699,60.07709466914699,rule_ok,
2017-01-03T15:15:00+00:00,fixed_rule_battery_hydrogen_grid_15min,1238.70755,3.84,1422.4,0.0,187.53244999999993,0.0,0.0,0.0,0.0,0.0,1138.9424845179512,1182.1665785169525,60.07709466914699,60.07709466914699,rule_ok,
2017-01-03T15:30:00+00:00,fixed_rule_battery_hydrogen_grid_15min,1251.518155,1.6,1426.88,0.0,176.96184500000004,0.0,0.0,0.0,0.0,0.0,1182.1665785169525,1222.9542684475043,60.07709466914699,60.07709466914699,rule_ok,
2017-01-03T15:45:00+00:00,fixed_rule_battery_hydrogen_grid_15min,1266.517708,0.64,1435.68,0.0,169.80229200000008,0.0,0.0,0.0,0.0,0.0,1222.9542684475043,1262.09176294861,60.07709466914699,60.07709466914699,rule_ok,
2017-01-03T16:00:00+00:00,fixed_rule_battery_hydrogen_grid_15min,1281.180472,0.0,1443.36,0.0,162.1795279999999,0.0,0.0,0.0,0.0,0.0,1262.09176294861,1299.4722971600795,60.07709466914699,60.07709466914699,rule_ok,
2017-01-03T16:15:00+00:00,fixed_rule_battery_hydrogen_grid_15min,1295.668968,0.0,1452.64,0.0,156.97103200000015,0.0,0.0,0.0,0.0,0.0,1299.4722971600795,1335.652332360858,60.07709466914699,60.07709466914699,rule_ok,
2017-01-03T16:30:00+00:00,fixed_rule_battery_hydrogen_grid_15min,1302.490717,0.0,1467.04,0.0,164.54928300000006,0.0,0.0,0.0,0.0,0.0,1335.652332360858,1373.5790681117123,60.07709466914699,60.07709466914699,rule_ok,
2017-01-03T16:45:00+00:00,fixed_rule_battery_hydrogen_grid_15min,1304.441491,0.0,1479.2,0.0,174.758509,0.0,0.0,0.0,0.0,0.0,1373.5790681117123,1413.8589141871053,60.07709466914699,60.07709466914699,rule_ok,
2017-01-03T17:00:00+00:00,fixed_rule_battery_hydrogen_grid_15min,1295.08742,0.0,1485.12,0.0,190.03257999999983,0.0,0.0,0.0,0.0,0.0,1413.8589141871053,1457.6592596782068,60.07709466914699,60.07709466914699,rule_ok,
2017-01-03T17:15:00+00:00,fixed_rule_battery_hydrogen_grid_15min,1286.834319,0.0,1493.6,0.0,206.76568099999986,0.0,0.0,0.0,0.0,0.0,1457.6592596782068,1505.3163943837553,60.07709466914699,60.07709466914699,rule_ok,
2017-01-03T17:30:00+00:00,fixed_rule_battery_hydrogen_grid_15min,1282.801756,0.0,1500.96,0.0,218.15824399999997,0.0,0.0,0.0,0.0,0.0,1505.3163943837553,1555.5993851158291,60.07709466914699,60.07709466914699,rule_ok,
2017-01-03T17:45:00+00:00,fixed_rule_battery_hydrogen_grid_15min,1278.71864,0.0,1504.16,0.0,225.44136000000003,0.0,0.0,0.0,0.0,0.0,1555.5993851158291,1607.5610511416435,60.07709466914699,60.07709466914699,rule_ok,
2017-01-03T18:00:00+00:00,fixed_rule_battery_hydrogen_grid_15min,1275.304472,0.0,1509.44,0.0,234.13552800000002,0.0,0.0,0.0,0.0,0.0,1607.5610511416435,1661.526623877337,60.07709466914699,60.07709466914699,rule_ok,
2017-01-03T18:15:00+00:00,fixed_rule_battery_hydrogen_grid_15min,1266.343617,0.0,1514.4,0.0,248.0563830000001,0.0,0.0,0.0,0.0,0.0,1661.526623877337,1718.7007951519313,60.07709466914699,60.07709466914699,rule_ok,
2017-01-03T18:30:00+00:00,fixed_rule_battery_hydrogen_grid_15min,1256.751194,0.0,1519.04,0.0,262.288806,0.0,0.0,0.0,0.0,0.0,1718.7007951519313,1779.155377841113,60.07709466914699,60.07709466914699,rule_ok,
2017-01-03T18:45:00+00:00,fixed_rule_battery_hydrogen_grid_15min,1246.468106,0.0,1523.68,0.0,277.21189400000003,0.0,0.0,0.0,0.0,0.0,1779.155377841113,1843.049562361697,60.07709466914699,60.07709466914699,rule_ok,
2017-01-03T19:00:00+00:00,fixed_rule_battery_hydrogen_grid_15min,1224.411123,0.0,1529.28,0.0,186.04284509849876,0.0,75.0,0.0,43.826031901501125,0.0,1843.049562361697,1885.9303193953688,60.07709466914699,60.41800376005608,rule_curtailment,
2017-01-03T19:15:00+00:00,fixed_rule_battery_hydrogen_grid_15min,1200.380581,0.0,1537.6,0.0,61.04284509849876,0.0,150.0,0.0,126.17657390150123,0.0,1885.9303193953688,1900.0,60.41800376005608,61.09982194187426,rule_curtailment,
2017-01-03T19:30:00+00:00,fixed_rule_battery_hydrogen_grid_15min,1181.434087,0.0,1539.68,0.0,0.0,0.0,225.0,0.0,133.24591299999997,0.0,1900.0,1900.0,61.09982194187426,62.122549214601534,rule_curtailment,
2017-01-03T19:45:00+00:00,fixed_rule_battery_hydrogen_grid_15min,1165.133661,0.0,1541.44,0.0,0.0,0.0,300.0,0.0,76.30633899999998,0.0,1900.0,1900.0,62.122549214601534,63.4861855782379,rule_curtailment,
2017-01-03T20:00:00+00:00,fixed_rule_battery_hydrogen_grid_15min,1149.680369,0.0,1542.88,0.0,0.0,0.0,300.0,0.0,93.19963100000018,0.0,1900.0,1900.0,63.4861855782379,64.84982194187427,rule_curtailment,
2017-01-03T20:15:00+00:00,fixed_rule_battery_hydrogen_grid_15min,1144.19812,0.0,1545.12,0.0,0.0,0.0,300.0,0.0,100.92187999999987,0.0,1900.0,1900.0,64.84982194187427,66.21345830551063,rule_curtailment,
2017-01-03T20:30:00+00:00,fixed_rule_battery_hydrogen_grid_15min,1133.435838,0.0,1542.56,0.0,0.0,0.0,300.0,0.0,109.12416199999984,0.0,1900.0,1900.0,66.21345830551063,67.57709466914699,rule_curtailment,
2017-01-03T20:45:00+00:00,fixed_rule_battery_hydrogen_grid_15min,1121.645211,0.0,1522.88,0.0,0.0,0.0,300.0,0.0,101.23478900000009,0.0,1900.0,1900.0,67.57709466914699,68.94073103278335,rule_curtailment,
2017-01-03T21:00:00+00:00,fixed_rule_battery_hydrogen_grid_15min,1120.186803,0.0,1493.6,0.0,0.0,0.0,300.0,0.0,73.41319699999985,0.0,1900.0,1900.0,68.94073103278335,70.3043673964197,rule_curtailment,
2017-01-03T21:15:00+00:00,fixed_rule_battery_hydrogen_grid_15min,1101.415823,0.0,1492.0,0.0,0.0,0.0,300.0,0.0,90.58417699999995,0.0,1900.0,1900.0,70.3043673964197,71.66800376005607,rule_curtailment,
2017-01-03T21:30:00+00:00,fixed_rule_battery_hydrogen_grid_15min,1086.504027,0.0,1491.04,0.0,0.0,0.0,300.0,0.0,104.53597300000001,0.0,1900.0,1900.0,71.66800376005607,73.03164012369243,rule_curtailment,
2017-01-03T21:45:00+00:00,fixed_rule_battery_hydrogen_grid_15min,1059.45645,0.0,1501.12,0.0,0.0,0.0,300.0,0.0,141.66355,0.0,1900.0,1900.0,73.03164012369243,74.39527648732879,rule_curtailment,
2017-01-03T22:00:00+00:00,fixed_rule_battery_hydrogen_grid_15min,1046.896835,0.0,1505.92,0.0,0.0,0.0,300.0,0.0,159.02316500000006,0.0,1900.0,1900.0,74.39527648732879,75.75891285096515,rule_curtailment,
2017-01-03T22:15:00+00:00,fixed_rule_battery_hydrogen_grid_15min,1030.783672,0.0,1503.36,0.0,0.0,0.0,300.0,0.0,172.57632799999988,0.0,1900.0,1900.0,75.75891285096515,77.1225492146015,rule_curtailment,
2017-01-03T22:30:00+00:00,fixed_rule_battery_hydrogen_grid_15min,1009.730113,0.0,1474.08,0.0,0.0,0.0,300.0,0.0,164.34988699999997,0.0,1900.0,1900.0,77.1225492146015,78.48618557823787,rule_curtailment,
2017-01-03T22:45:00+00:00,fixed_rule_battery_hydrogen_grid_15min,983.608704,0.0,1444.16,0.0,0.0,0.0,300.0,0.0,160.5512960000001,0.0,1900.0,1900.0,78.48618557823787,79.84982194187423,rule_curtailment,
2017-01-03T23:00:00+00:00,fixed_rule_battery_hydrogen_grid_15min,964.313139,0.0,1412.16,0.0,0.0,0.0,300.0,0.0,147.8468610000001,0.0,1900.0,1900.0,79.84982194187423,81.21345830551058,rule_curtailment,
2017-01-03T23:15:00+00:00,fixed_rule_battery_hydrogen_grid_15min,955.381121,0.0,1411.04,0.0,0.0,0.0,300.0,0.0,155.65887899999996,0.0,1900.0,1900.0,81.21345830551058,82.57709466914694,rule_curtailment,
2017-01-03T23:30:00+00:00,fixed_rule_battery_hydrogen_grid_15min,943.611143,0.0,1399.2,0.0,0.0,0.0,300.0,0.0,155.58885700000008,0.0,1900.0,1900.0,82.57709466914694,83.9407310327833,rule_curtailment,
2017-01-03T23:45:00+00:00,fixed_rule_battery_hydrogen_grid_15min,931.06025,0.0,1401.12,0.0,0.0,0.0,300.0,0.0,170.0597499999999,0.0,1900.0,1900.0,83.9407310327833,85.30436739641966,rule_curtailment,
2017-01-04T00:00:00+00:00,fixed_rule_battery_hydrogen_grid_15min,919.049785,0.0,1375.68,0.0,0.0,0.0,300.0,0.0,156.63021500000002,0.0,1900.0,1900.0,85.30436739641966,86.66800376005602,rule_curtailment,
2017-01-04T00:15:00+00:00,fixed_rule_battery_hydrogen_grid_15min,915.254861,0.0,1369.12,0.0,0.0,0.0,300.0,0.0,153.86513899999989,0.0,1900.0,1900.0,86.66800376005602,88.03164012369238,rule_curtailment,
2017-01-04T00:30:00+00:00,fixed_rule_battery_hydrogen_grid_15min,914.705888,0.0,1366.08,0.0,0.0,0.0,300.0,0.0,151.37411199999997,0.0,1900.0,1900.0,88.03164012369238,89.39527648732874,rule_curtailment,
2017-01-04T00:45:00+00:00,fixed_rule_battery_hydrogen_grid_15min,908.312601,0.0,1358.56,0.0,0.0,0.0,300.0,0.0,150.24739899999997,0.0,1900.0,1900.0,89.39527648732874,90.7589128509651,rule_curtailment,
2017-01-04T01:00:00+00:00,fixed_rule_battery_hydrogen_grid_15min,899.364385,0.0,1346.88,0.0,0.0,0.0,300.0,0.0,147.51561500000014,0.0,1900.0,1900.0,90.7589128509651,92.12254921460146,rule_curtailment,
2017-01-04T01:15:00+00:00,fixed_rule_battery_hydrogen_grid_15min,899.377201,0.0,1336.48,0.0,0.0,0.0,300.0,0.0,137.102799,0.0,1900.0,1900.0,92.12254921460146,93.48618557823782,rule_curtailment,
2017-01-04T01:30:00+00:00,fixed_rule_battery_hydrogen_grid_15min,898.361673,0.0,1331.68,0.0,0.0,0.0,300.0,0.0,133.31832700000007,0.0,1900.0,1900.0,93.48618557823782,94.84982194187418,rule_curtailment,
2017-01-04T01:45:00+00:00,fixed_rule_battery_hydrogen_grid_15min,900.507722,0.0,1320.32,0.0,0.0,0.0,300.0,0.0,119.81227799999999,0.0,1900.0,1900.0,94.84982194187418,96.21345830551054,rule_curtailment,
2017-01-04T02:00:00+00:00,fixed_rule_battery_hydrogen_grid_15min,898.665353,0.0,1317.12,0.0,0.0,0.0,300.0,0.0,118.45464699999991,0.0,1900.0,1900.0,96.21345830551054,97.5770946691469,rule_curtailment,
2017-01-04T02:15:00+00:00,fixed_rule_battery_hydrogen_grid_15min,898.106768,0.0,1312.48,0.0,0.0,0.0,300.0,0.0,114.37323200000003,0.0,1900.0,1900.0,97.5770946691469,98.94073103278326,rule_curtailment,
2017-01-04T02:30:00+00:00,fixed_rule_battery_hydrogen_grid_15min,906.212123,0.0,1327.52,0.0,0.0,0.0,300.0,0.0,121.30787699999996,0.0,1900.0,1900.0,98.94073103278326,100.30436739641962,rule_curtailment,
2017-01-04T02:45:00+00:00,fixed_rule_battery_hydrogen_grid_15min,910.237921,0.0,1318.88,0.0,0.0,0.0,300.0,0.0,108.64207900000008,0.0,1900.0,1900.0,100.30436739641962,101.66800376005598,rule_curtailment,
2017-01-04T03:00:00+00:00,fixed_rule_battery_hydrogen_grid_15min,912.228926,0.0,1313.12,0.0,0.0,0.0,300.0,0.0,100.89107399999989,0.0,1900.0,1900.0,101.66800376005598,103.03164012369234,rule_curtailment,
2017-01-04T03:15:00+00:00,fixed_rule_battery_hydrogen_grid_15min,911.259501,0.0,1327.52,0.0,0.0,0.0,300.0,0.0,116.26049899999998,0.0,1900.0,1900.0,103.03164012369234,104.3952764873287,rule_curtailment,
2017-01-04T03:30:00+00:00,fixed_rule_battery_hydrogen_grid_15min,917.173773,0.0,1330.08,0.0,0.0,0.0,300.0,0.0,112.90622699999994,0.0,1900.0,1900.0,104.3952764873287,105.75891285096506,rule_curtailment,
2017-01-04T03:45:00+00:00,fixed_rule_battery_hydrogen_grid_15min,928.872726,0.0,1316.96,0.0,0.0,0.0,300.0,0.0,88.0872740000001,0.0,1900.0,1900.0,105.75891285096506,107.12254921460142,rule_curtailment,
2017-01-04T04:00:00+00:00,fixed_rule_battery_hydrogen_grid_15min,943.647812,0.0,1328.32,0.0,0.0,0.0,300.0,0.0,84.67218799999989,0.0,1900.0,1900.0,107.12254921460142,108.48618557823778,rule_curtailment,
2017-01-04T04:15:00+00:00,fixed_rule_battery_hydrogen_grid_15min,955.390199,0.0,1324.48,0.0,0.0,0.0,300.0,0.0,69.08980099999997,0.0,1900.0,1900.0,108.48618557823778,109.84982194187414,rule_curtailment,
2017-01-04T04:30:00+00:00,fixed_rule_battery_hydrogen_grid_15min,969.844874,0.0,1326.24,0.0,0.0,0.0,300.0,0.0,56.395126000000005,0.0,1900.0,1900.0,109.84982194187414,111.2134583055105,rule_curtailment,
2017-01-04T04:45:00+00:00,fixed_rule_battery_hydrogen_grid_15min,984.72,0.0,1332.16,0.0,0.0,0.0,300.0,0.0,47.440000000000055,0.0,1900.0,1900.0,111.2134583055105,112.57709466914686,rule_curtailment,
2017-01-04T05:00:00+00:00,fixed_rule_battery_hydrogen_grid_15min,1009.318918,0.0,1358.88,0.0,0.0,0.0,300.0,0.0,49.561082000000056,0.0,1900.0,1900.0,112.57709466914686,113.94073103278322,rule_curtailment,
2017-01-04T05:15:00+00:00,fixed_rule_battery_hydrogen_grid_15min,1044.334785,0.0,1361.6,0.0,0.0,0.0,300.0,0.0,17.2652149999999,0.0,1900.0,1900.0,113.94073103278322,115.30436739641958,rule_curtailment,
2017-01-04T05:30:00+00:00,fixed_rule_battery_hydrogen_grid_15min,1069.240052,0.0,1370.56,0.0,0.0,0.0,300.0,0.0,1.3199479999998402,0.0,1900.0,1900.0,115.30436739641958,116.66800376005594,rule_curtailment,
2017-01-04T05:45:00+00:00,fixed_rule_battery_hydrogen_grid_15min,1094.191423,0.0,1368.8,0.0,0.0,0.0,274.60857699999997,0.0,0.0,0.0,1900.0,1900.0,116.66800376005594,117.9162245646014,rule_ok,
2017-01-04T06:00:00+00:00,fixed_rule_battery_hydrogen_grid_15min,1126.5363,0.0,1374.4,0.0,0.0,0.0,247.8637000000001,0.0,0.0,0.0,1900.0,1900.0,117.9162245646014,119.04287774641958,rule_ok,
2017-01-04T06:15:00+00:00,fixed_rule_battery_hydrogen_grid_15min,1152.514947,0.0,1389.92,0.0,0.0,0.0,237.40505300000018,0.0,0.0,0.0,1900.0,1900.0,119.04287774641958,120.12199162369231,rule_ok,
2017-01-04T06:30:00+00:00,fixed_rule_battery_hydrogen_grid_15min,1183.929028,0.0,1431.52,0.0,0.0,0.0,247.59097199999997,0.0,0.0,0.0,1900.0,1900.0,120.12199162369231,121.24740513278321,rule_ok,
2017-01-04T06:45:00+00:00,fixed_rule_battery_hydrogen_grid_15min,1197.928005,0.0,1423.36,0.0,0.0,0.0,225.43199499999992,0.0,0.0,0.0,1900.0,1900.0,121.24740513278321,122.27209601914684,rule_ok,
2017-01-04T07:00:00+00:00,fixed_rule_battery_hydrogen_grid_15min,1212.97295,0.64,1427.52,0.0,0.0,0.0,215.18705,0.0,0.0,0.0,1900.0,1900.0,122.27209601914684,123.2502189736923,rule_ok,
2017-01-04T07:15:00+00:00,fixed_rule_battery_hydrogen_grid_15min,1226.927603,1.28,1432.48,0.0,0.0,0.0,206.8323969999999,0.0,0.0,0.0,1900.0,1900.0,123.2502189736923,124.1903662327832,rule_ok,
2017-01-04T07:30:00+00:00,fixed_rule_battery_hydrogen_grid_15min,1238.047323,3.52,1447.68,0.0,0.0,0.0,213.15267700000004,0.0,0.0,0.0,1900.0,1900.0,124.1903662327832,125.15924203732865,rule_ok,
2017-01-04T07:45:00+00:00,fixed_rule_battery_hydrogen_grid_15min,1243.446087,10.24,1441.12,0.0,0.0,0.0,207.91391299999987,0.0,0.0,0.0,1900.0,1900.0,125.15924203732865,126.10430527823775,rule_ok,
2017-01-04T08:00:00+00:00,fixed_rule_battery_hydrogen_grid_15min,1238.644892,23.36,1440.32,0.0,0.0,0.0,225.0351079999998,0.0,0.0,0.0,1900.0,1900.0,126.10430527823775,127.1271921327832,rule_ok,
2017-01-04T08:15:00+00:00,fixed_rule_battery_hydrogen_grid_15min,1256.344805,40.32,1429.76,0.0,0.0,0.0,213.73519499999998,0.0,0.0,0.0,1900.0,1900.0,127.1271921327832,128.09871574641954,rule_ok,
2017-01-04T08:30:00+00:00,fixed_rule_battery_hydrogen_grid_15min,1255.473463,64.32,1404.0,0.0,0.0,0.0,212.8465369999999,0.0,0.0,0.0,1900.0,1900.0,128.09871574641954,129.06620000551044,rule_ok,
2017-01-04T08:45:00+00:00,fixed_rule_battery_hydrogen_grid_15min,1268.431279,87.36,1395.84,0.0,0.0,0.0,214.7687209999999,0.0,0.0,0.0,1900.0,1900.0,129.06620000551044,130.04242146460135,rule_ok,
2017-01-04T09:00:00+00:00,fixed_rule_battery_hydrogen_grid_15min,1267.679023,108.8,1396.96,0.0,0.0,0.0,238.08097700000008,0.0,0.0,0.0,1900.0,1900.0,130.04242146460135,131.12460772369226,rule_ok,
2017-01-04T09:15:00+00:00,fixed_rule_battery_hydrogen_grid_15min,1275.528048,128.32,1394.56,0.0,0.0,0.0,247.35195199999998,0.0,0.0,0.0,1900.0,1900.0,131.12460772369226,132.24893477823773,rule_ok,
2017-01-04T09:30:00+00:00,fixed_rule_battery_hydrogen_grid_15min,1276.007598,148.48,1384.96,0.0,0.0,0.0,257.43240200000014,0.0,0.0,0.0,1900.0,1900.0,132.24893477823773,133.4190820600559,rule_ok,
2017-01-04T09:45:00+00:00,fixed_rule_battery_hydrogen_grid_15min,1275.960961,171.84,1379.52,0.0,0.0,0.0,275.3990389999999,0.0,0.0,0.0,1900.0,1900.0,133.4190820600559,134.67089587369227,rule_ok,
2017-01-04T10:00:00+00:00,fixed_rule_battery_hydrogen_grid_15min,1282.566788,194.24,1371.68,0.0,0.0,0.0,283.353212,0.0,0.0,0.0,1900.0,1900.0,134.67089587369227,135.95886501914683,rule_ok,
2017-01-04T10:15:00+00:00,fixed_rule_battery_hydrogen_grid_15min,1286.939877,206.4,1382.88,0.0,0.0,0.0,300.0,0.0,2.340123000000176,0.0,1900.0,1900.0,135.95886501914683,137.3225013827832,rule_curtailment,
2017-01-04T10:30:00+00:00,fixed_rule_battery_hydrogen_grid_15min,1292.039056,213.76,1396.0,0.0,0.0,0.0,300.0,0.0,17.720943999999918,0.0,1900.0,1900.0,137.3225013827832,138.68613774641958,rule_curtailment,
2017-01-04T10:45:00+00:00,fixed_rule_battery_hydrogen_grid_15min,1291.647797,221.76,1394.88,0.0,0.0,0.0,300.0,0.0,24.992203000000018,0.0,1900.0,1900.0,138.68613774641958,140.04977411005595,rule_curtailment,
2017-01-04T11:00:00+00:00,fixed_rule_battery_hydrogen_grid_15min,1293.0496,232.32,1399.2,0.0,0.0,0.0,300.0,0.0,38.47039999999993,0.0,1900.0,1900.0,140.04977411005595,141.41341047369232,rule_curtailment,
2017-01-04T11:15:00+00:00,fixed_rule_battery_hydrogen_grid_15min,1284.257317,238.4,1381.12,0.0,0.0,0.0,300.0,0.0,35.262682999999925,0.0,1900.0,1900.0,141.41341047369232,142.7770468373287,rule_curtailment,
2017-01-04T11:30:00+00:00,fixed_rule_battery_hydrogen_grid_15min,1281.100903,244.48,1380.32,0.0,0.0,0.0,300.0,0.0,43.69909699999994,0.0,1900.0,1900.0,142.7770468373287,144.14068320096507,rule_curtailment,
2017-01-04T11:45:00+00:00,fixed_rule_battery_hydrogen_grid_15min,1284.522903,232.0,1390.88,0.0,0.0,0.0,300.0,0.0,38.35709700000007,0.0,1900.0,1900.0,144.14068320096507,145.50431956460145,rule_curtailment,
2017-01-04T12:00:00+00:00,fixed_rule_battery_hydrogen_grid_15min,1277.644726,220.8,1374.4,0.0,0.0,0.0,300.0,0.0,17.555274000000054,0.0,1900.0,1900.0,145.50431956460145,146.86795592823782,rule_curtailment,
2017-01-04T12:15:00+00:00,fixed_rule_battery_hydrogen_grid_15min,1275.721542,212.8,1358.56,0.0,0.0,0.0,295.6384579999999,0.0,0.0,0.0,1900.0,1900.0,146.86795592823782,148.2117671009651,rule_ok,
2017-01-04T12:30:00+00:00,fixed_rule_battery_hydrogen_grid_15min,1264.916716,200.0,1341.92,0.0,0.0,0.0,277.0032840000001,0.0,0.0,0.0,1900.0,1900.0,148.2117671009651,149.47087293732872,rule_ok,
2017-01-04T12:45:00+00:00,fixed_rule_battery_hydrogen_grid_15min,1257.361935,183.36,1336.8,0.0,0.0,0.0,262.7980650000002,0.0,0.0,0.0,1900.0,1900.0,149.47087293732872,150.66540959641964,rule_ok,
2017-01-04T13:00:00+00:00,fixed_rule_battery_hydrogen_grid_15min,1252.960721,159.04,1330.4,0.0,0.0,0.0,236.47927900000013,0.0,0.0,0.0,1900.0,1900.0,150.66540959641964,151.740315410056,rule_ok,
2017-01-04T13:15:00+00:00,fixed_rule_battery_hydrogen_grid_15min,1250.576144,137.92,1311.68,0.0,0.0,0.0,199.02385600000002,0.0,0.0,0.0,1900.0,1900.0,151.740315410056,152.6449693009651,rule_ok,
2017-01-04T13:30:00+00:00,fixed_rule_battery_hydrogen_grid_15min,1242.796185,118.08,1285.6,0.0,0.0,0.0,160.8838149999999,0.0,0.0,0.0,1900.0,1900.0,152.6449693009651,153.3762593691469,rule_ok,
2017-01-04T13:45:00+00:00,fixed_rule_battery_hydrogen_grid_15min,1238.106955,94.08,1262.72,0.0,0.0,0.0,118.69304499999998,0.0,0.0,0.0,1900.0,1900.0,153.3762593691469,153.915773210056,rule_ok,
2017-01-04T14:00:00+00:00,fixed_rule_battery_hydrogen_grid_15min,1238.874876,72.32,1262.08,0.0,0.0,0.0,95.52512399999978,0.0,0.0,0.0,1900.0,1900.0,153.915773210056,154.34997831914689,rule_ok,
2017-01-04T14:15:00+00:00,fixed_rule_battery_hydrogen_grid_15min,1233.685092,51.84,1249.28,0.0,0.0,0.0,67.43490799999995,0.0,0.0,0.0,1900.0,1900.0,154.34997831914689,154.6565006282378,rule_ok,
2017-01-04T14:30:00+00:00,fixed_rule_battery_hydrogen_grid_15min,1226.936326,33.6,1242.08,0.0,0.0,0.0,48.74367399999983,0.0,0.0,0.0,1900.0,1900.0,154.6565006282378,154.87806278278327,rule_ok,
2017-01-04T14:45:00+00:00,fixed_rule_battery_hydrogen_grid_15min,1226.306538,19.84,1256.48,0.0,0.0,0.0,50.01346199999989,0.0,0.0,0.0,1900.0,1900.0,154.87806278278327,155.1053967009651,rule_ok,
2017-01-04T15:00:00+00:00,fixed_rule_battery_hydrogen_grid_15min,1229.595567,9.6,1240.16,0.0,0.0,0.0,0.0,0.0,20.164432999999917,0.0,1900.0,1900.0,155.1053967009651,155.1053967009651,rule_curtailment,
2017-01-04T15:15:00+00:00,fixed_rule_battery_hydrogen_grid_15min,1234.689228,3.2,1211.52,0.0,0.0,19.96922799999993,0.0,0.0,0.0,0.0,1900.0,1894.5850827845936,155.1053967009651,155.1053967009651,rule_ok,
2017-01-04T15:30:00+00:00,fixed_rule_battery_hydrogen_grid_15min,1247.270916,0.96,1192.64,0.0,0.0,53.670915999999806,0.0,0.0,0.0,0.0,1894.5850827845936,1880.0315123103103,155.1053967009651,155.1053967009651,rule_ok,
2017-01-04T15:45:00+00:00,fixed_rule_battery_hydrogen_grid_15min,1264.753306,0.32,1165.44,0.0,0.0,98.99330600000008,0.0,0.0,0.0,0.0,1880.0315123103103,1853.1881833208574,155.1053967009651,155.1053967009651,rule_ok,
2017-01-04T16:00:00+00:00,fixed_rule_battery_hydrogen_grid_15min,1271.638425,0.0,1134.72,0.0,0.0,136.91842500000007,0.0,0.0,0.0,0.0,1853.1881833208574,1816.0609625470333,155.1053967009651,155.1053967009651,rule_ok,
2017-01-04T16:15:00+00:00,fixed_rule_battery_hydrogen_grid_15min,1285.52686,0.0,1126.72,0.0,0.0,158.80685999999992,0.0,0.0,0.0,0.0,1816.0609625470333,1772.9984064913542,155.1053967009651,155.1053967009651,rule_ok,
2017-01-04T16:30:00+00:00,fixed_rule_battery_hydrogen_grid_15min,1285.880382,0.0,1112.48,0.0,0.0,173.40038200000004,0.0,0.0,0.0,0.0,1772.9984064913542,1725.9786261748668,155.1053967009651,155.1053967009651,rule_ok,
2017-01-04T16:45:00+00:00,fixed_rule_battery_hydrogen_grid_15min,1282.854624,0.0,1114.72,0.0,0.0,168.13462400000003,0.0,0.0,0.0,0.0,1725.9786261748668,1680.3867249755074,155.1053967009651,155.1053967009651,rule_ok,
2017-01-04T17:00:00+00:00,fixed_rule_battery_hydrogen_grid_15min,1280.343841,0.0,1110.24,0.0,0.0,170.1038410000001,0.0,0.0,0.0,0.0,1680.3867249755074,1634.260844844455,155.1053967009651,155.1053967009651,rule_ok,
2017-01-04T17:15:00+00:00,fixed_rule_battery_hydrogen_grid_15min,1263.536452,0.0,1095.04,0.0,0.0,168.4964520000001,0.0,0.0,0.0,0.0,1634.260844844455,1588.570829252981,155.1053967009651,155.1053967009651,rule_ok,
2017-01-04T17:30:00+00:00,fixed_rule_battery_hydrogen_grid_15min,1253.841142,0.0,1093.12,0.0,0.0,160.7211420000001,0.0,0.0,0.0,0.0,1588.570829252981,1544.9891906089845,155.1053967009651,155.1053967009651,rule_ok,
2017-01-04T17:45:00+00:00,fixed_rule_battery_hydrogen_grid_15min,1249.286663,0.0,1089.6,0.0,0.0,159.68666300000018,0.0,0.0,0.0,0.0,1544.9891906089845,1501.6880644688301,155.1053967009651,155.1053967009651,rule_ok,
2017-01-04T18:00:00+00:00,fixed_rule_battery_hydrogen_grid_15min,1243.589382,0.0,1092.64,0.0,0.0,150.9493819999998,0.0,0.0,0.0,0.0,1501.6880644688301,1460.7561662879511,155.1053967009651,155.1053967009651,rule_ok,
2017-01-04T18:15:00+00:00,fixed_rule_battery_hydrogen_grid_15min,1239.678398,0.0,1090.24,0.0,0.0,149.438398,0.0,0.0,0.0,0.0,1460.7561662879511,1420.2339911706679,155.1053967009651,155.1053967009651,rule_ok,
2017-01-04T18:30:00+00:00,fixed_rule_battery_hydrogen_grid_15min,1225.720362,0.0,1076.64,0.0,0.0,149.08036199999992,0.0,0.0,0.0,0.0,1420.2339911706679,1379.8089021951291,155.1053967009651,155.1053967009651,rule_ok,
2017-01-04T18:45:00+00:00,fixed_rule_battery_hydrogen_grid_15min,1222.326665,0.0,1068.96,0.0,0.0,153.366665,0.0,0.0,0.0,0.0,1379.8089021951291,1338.2215261294161,155.1053967009651,155.1053967009651,rule_ok,
2017-01-04T19:00:00+00:00,fixed_rule_battery_hydrogen_grid_15min,1194.318386,0.0,1057.6,0.0,0.0,136.718386,0.0,0.0,0.0,0.0,1338.2215261294161,1301.1485485454064,155.1053967009651,155.1053967009651,rule_ok,
2017-01-04T19:15:00+00:00,fixed_rule_battery_hydrogen_grid_15min,1168.786536,0.0,1038.24,0.0,0.0,130.54653600000006,0.0,0.0,0.0,0.0,1301.1485485454064,1265.7491487690068,155.1053967009651,155.1053967009651,rule_ok,
2017-01-04T19:30:00+00:00,fixed_rule_battery_hydrogen_grid_15min,1147.101587,0.0,1011.2,0.0,0.0,135.90158700000006,0.0,0.0,0.0,0.0,1265.7491487690068,1228.8976569112667,155.1053967009651,155.1053967009651,rule_ok,
2017-01-04T19:45:00+00:00,fixed_rule_battery_hydrogen_grid_15min,1130.558894,0.0,1001.76,0.0,0.0,128.79889400000002,0.0,0.0,0.0,0.0,1228.8976569112667,1193.972153108821,155.1053967009651,155.1053967009651,rule_ok,
2017-01-04T20:00:00+00:00,fixed_rule_battery_hydrogen_grid_15min,1117.428234,0.0,994.4,0.0,0.0,123.028234,0.0,0.0,0.0,0.0,1193.972153108821,1160.61143920102,155.1053967009651,155.1053967009651,rule_ok,
2017-01-04T20:15:00+00:00,fixed_rule_battery_hydrogen_grid_15min,1115.946328,0.0,1009.92,0.0,0.0,106.02632800000003,0.0,0.0,0.0,0.0,1160.61143920102,1131.8610143586811,155.1053967009651,155.1053967009651,rule_ok,
2017-01-04T20:30:00+00:00,fixed_rule_battery_hydrogen_grid_15min,1102.678246,0.0,1001.12,0.0,0.0,101.55824599999994,0.0,0.0,0.0,0.0,1131.8610143586811,1104.3221683586314,155.1053967009651,155.1053967009651,rule_ok,
2017-01-04T20:45:00+00:00,fixed_rule_battery_hydrogen_grid_15min,1096.847638,0.0,979.2,0.0,0.0,117.64763799999992,0.0,0.0,0.0,0.0,1104.3221683586314,1072.420473392852,155.1053967009651,155.1053967009651,rule_ok,
2017-01-04T21:00:00+00:00,fixed_rule_battery_hydrogen_grid_15min,1098.71386,0.0,959.04,0.0,0.0,139.6738600000001,0.0,0.0,0.0,0.0,1072.420473392852,1034.5460803989783,155.1053967009651,155.1053967009651,rule_ok,
2017-01-04T21:15:00+00:00,fixed_rule_battery_hydrogen_grid_15min,1090.323872,0.0,933.76,0.0,0.0,156.56387199999995,0.0,0.0,0.0,0.0,1034.5460803989783,992.0917398604515,155.1053967009651,155.1053967009651,rule_ok,
2017-01-04T21:30:00+00:00,fixed_rule_battery_hydrogen_grid_15min,1066.36293,0.0,923.36,0.0,0.0,143.00293,0.0,0.0,0.0,0.0,992.0917398604515,953.3146260175649,155.1053967009651,155.1053967009651,rule_ok,
2017-01-04T21:45:00+00:00,fixed_rule_battery_hydrogen_grid_15min,1042.638915,0.0,907.84,0.0,0.0,134.79891499999997,0.0,0.0,0.0,0.0,953.3146260175649,916.7621380870548,155.1053967009651,155.1053967009651,rule_ok,
2017-01-04T22:00:00+00:00,fixed_rule_battery_hydrogen_grid_15min,1024.663803,0.0,903.2,0.0,0.0,121.46380299999987,0.0,0.0,0.0,0.0,916.7621380870548,883.8256400955736,155.1053967009651,155.1053967009651,rule_ok,
2017-01-04T22:15:00+00:00,fixed_rule_battery_hydrogen_grid_15min,1011.486505,0.0,898.4,0.0,0.0,113.08650499999999,0.0,0.0,0.0,0.0,883.8256400955736,853.1607559671214,155.1053967009651,155.1053967009651,rule_ok,
2017-01-04T22:30:00+00:00,fixed_rule_battery_hydrogen_grid_15min,993.260403,0.0,901.44,0.0,0.0,91.82040299999994,0.0,0.0,0.0,0.0,853.1607559671214,828.262453392267,155.1053967009651,155.1053967009651,rule_ok,
2017-01-04T22:45:00+00:00,fixed_rule_battery_hydrogen_grid_15min,989.848728,0.0,900.64,0.0,0.0,89.20872800000006,0.0,0.0,0.0,0.0,828.262453392267,804.0723406341921,155.1053967009651,155.1053967009651,rule_ok,
2017-01-04T23:00:00+00:00,fixed_rule_battery_hydrogen_grid_15min,948.23985,0.0,865.28,0.0,0.0,82.95985000000007,0.0,0.0,0.0,0.0,804.0723406341921,781.5766928328583,155.1053967009651,155.1053967009651,rule_ok,
2017-01-04T23:15:00+00:00,fixed_rule_battery_hydrogen_grid_15min,941.373955,0.0,854.24,0.0,0.0,87.13395500000001,0.0,0.0,0.0,0.0,781.5766928328583,757.9491818957331,155.1053967009651,155.1053967009651,rule_ok,
2017-01-04T23:30:00+00:00,fixed_rule_battery_hydrogen_grid_15min,929.797471,0.0,835.68,0.0,0.0,94.11747100000002,0.0,0.0,0.0,0.0,757.9491818957331,732.4279993047779,155.1053967009651,155.1053967009651,rule_ok,
2017-01-04T23:45:00+00:00,fixed_rule_battery_hydrogen_grid_15min,915.431977,0.0,814.56,0.0,0.0,100.87197700000002,0.0,0.0,0.0,0.0,732.4279993047779,705.0752441151742,155.1053967009651,155.1053967009651,rule_ok,
2017-01-05T00:00:00+00:00,fixed_rule_battery_hydrogen_grid_15min,901.725465,0.0,797.28,0.0,0.0,104.44546500000001,0.0,0.0,0.0,0.0,705.0752441151742,676.7534909407586,155.1053967009651,155.1053967009651,rule_ok,
2017-01-05T00:15:00+00:00,fixed_rule_battery_hydrogen_grid_15min,892.207627,0.0,785.44,0.0,0.0,106.76762699999995,0.0,0.0,0.0,0.0,676.7534909407586,647.8020531841067,155.1053967009651,155.1053967009651,rule_ok,
2017-01-05T00:30:00+00:00,fixed_rule_battery_hydrogen_grid_15min,889.300957,0.0,780.32,0.0,0.0,108.98095699999999,0.0,0.0,0.0,0.0,647.8020531841067,618.2504420647001,155.1053967009651,155.1053967009651,rule_ok,
2017-01-05T00:45:00+00:00,fixed_rule_battery_hydrogen_grid_15min,885.059236,0.0,762.88,0.0,0.0,122.17923600000006,0.0,0.0,0.0,0.0,618.2504420647001,585.1199450629331,155.1053967009651,155.1053967009651,rule_ok,
2017-01-05T01:00:00+00:00,fixed_rule_battery_hydrogen_grid_15min,878.905546,0.0,752.32,0.0,0.0,126.58554599999991,0.0,0.0,0.0,0.0,585.1199450629331,550.7946195041774,155.1053967009651,155.1053967009651,rule_ok,
2017-01-05T01:15:00+00:00,fixed_rule_battery_hydrogen_grid_15min,877.682462,0.0,752.64,0.0,0.0,125.042462,0.0,0.0,0.0,0.0,550.7946195041774,516.8877213436375,155.1053967009651,155.1053967009651,rule_ok,
2017-01-05T01:30:00+00:00,fixed_rule_battery_hydrogen_grid_15min,878.476372,0.0,741.76,0.0,0.0,136.71637199999998,0.0,0.0,0.0,0.0,516.8877213436375,479.81528988205537,155.1053967009651,155.1053967009651,rule_ok,
2017-01-05T01:45:00+00:00,fixed_rule_battery_hydrogen_grid_15min,878.783433,0.0,727.36,0.0,0.0,151.42343299999993,0.0,0.0,0.0,0.0,479.81528988205537,438.75484657560213,155.1053967009651,155.1053967009651,rule_ok,
2017-01-05T02:00:00+00:00,fixed_rule_battery_hydrogen_grid_15min,872.719993,0.0,717.76,0.0,0.0,154.95999300000005,0.0,0.0,0.0,0.0,438.75484657560213,396.7354187942699,155.1053967009651,155.1053967009651,rule_ok,
2017-01-05T02:15:00+00:00,fixed_rule_battery_hydrogen_grid_15min,880.328709,0.0,707.36,0.0,0.0,172.968709,0.0,0.0,0.0,0.0,396.7354187942699,349.83269225468,155.1053967009651,155.1053967009651,rule_ok,
2017-01-05T02:30:00+00:00,fixed_rule_battery_hydrogen_grid_15min,881.574044,0.0,695.52,31.667099666276528,0.0,154.38694433372345,0.0,0.0,0.0,0.0,349.83269225468,307.9686541102575,155.1053967009651,155.1053967009651,rule_ok,
2017-01-05T02:45:00+00:00,fixed_rule_battery_hydrogen_grid_15min,881.41099,0.0,682.08,44.94404566627648,0.0,29.38694433372345,0.0,125.0,0.0,0.0,307.9686541102575,300.0,155.1053967009651,153.35714495271333,rule_ok,
2017-01-05T03:00:00+00:00,fixed_rule_battery_hydrogen_grid_15min,890.04538,0.0,675.04,0.0,0.0,0.0,0.0,215.00538000000006,0.0,0.0,300.0,300.0,153.35714495271333,150.35007670096508,rule_ok,
2017-01-05T03:15:00+00:00,fixed_rule_battery_hydrogen_grid_15min,896.526603,0.0,671.84,0.0,0.0,0.0,0.0,224.686603,0.0,0.0,300.0,300.0,150.35007670096508,147.2076067289371,rule_ok,
2017-01-05T03:30:00+00:00,fixed_rule_battery_hydrogen_grid_15min,898.157678,0.0,671.84,0.0,0.0,0.0,0.0,226.317678,0.0,0.0,300.0,300.0,147.2076067289371,144.0423245191469,rule_ok,
2017-01-05T03:45:00+00:00,fixed_rule_battery_hydrogen_grid_15min,908.739639,0.0,663.2,0.0,0.0,0.0,0.0,245.53963899999997,0.0,0.0,300.0,300.0,144.0423245191469,140.60820369397206,rule_ok,
2017-01-05T04:00:00+00:00,fixed_rule_battery_hydrogen_grid_15min,918.518079,0.0,651.68,0.0,0.0,0.0,0.0,266.838079,0.0,0.0,300.0,300.0,140.60820369397206,136.87620258907694,rule_ok,
2017-01-05T04:15:00+00:00,fixed_rule_battery_hydrogen_grid_15min,931.350757,0.0,648.64,0.0,0.0,0.0,0.0,282.71075700000006,0.0,0.0,300.0,300.0,136.87620258907694,132.92220598767832,rule_ok,
2017-01-05T04:30:00+00:00,fixed_rule_battery_hydrogen_grid_15min,945.956381,0.0,637.44,0.0,0.0,0.0,0.0,308.5163809999999,0.0,0.0,300.0,300.0,132.92220598767832,128.6072915680979,rule_ok,
2017-01-05T04:45:00+00:00,fixed_rule_battery_hydrogen_grid_15min,961.362145,0.0,614.24,0.0,0.0,0.0,0.0,347.12214500000005,0.0,0.0,300.0,300.0,128.6072915680979,123.75243639327273,rule_ok,
2017-01-05T05:00:00+00:00,fixed_rule_battery_hydrogen_grid_15min,985.572296,0.0,603.2,0.0,0.0,0.0,0.0,382.372296,0.0,0.0,300.0,300.0,123.75243639327273,118.40457211355245,rule_ok,
2017-01-05T05:15:00+00:00,fixed_rule_battery_hydrogen_grid_15min,1020.88668,0.0,596.16,0.0,0.0,0.0,0.0,424.72668,0.0,0.0,300.0,300.0,118.40457211355245,112.46433882683917,rule_ok,
2017-01-05T05:30:00+00:00,fixed_rule_battery_hydrogen_grid_15min,1051.132859,0.0,596.64,0.0,0.0,0.0,0.0,454.49285900000007,0.0,0.0,300.0,300.0,112.46433882683917,106.10779534432169,rule_ok,
2017-01-05T05:45:00+00:00,fixed_rule_battery_hydrogen_grid_15min,1078.567067,0.0,591.84,0.0,0.0,0.0,0.0,486.7270669999999,0.0,0.0,300.0,300.0,106.10779534432169,99.30042377788813,rule_ok,
2017-01-05T06:00:00+00:00,fixed_rule_battery_hydrogen_grid_15min,1107.277582,0.0,590.08,17.197581999999898,0.0,0.0,0.0,500.0,0.0,0.0,300.0,300.0,99.30042377788813,92.30741678488113,rule_ok,
2017-01-05T06:15:00+00:00,fixed_rule_battery_hydrogen_grid_15min,1129.4654,0.0,586.08,43.385400000000004,0.0,0.0,0.0,500.0,0.0,0.0,300.0,300.0,92.30741678488113,85.31440979187414,rule_ok,
2017-01-05T06:30:00+00:00,fixed_rule_battery_hydrogen_grid_15min,1157.049311,0.0,577.92,79.12931100000003,0.0,0.0,0.0,500.0,0.0,0.0,300.0,300.0,85.31440979187414,78.32140279886715,rule_ok,
2017-01-05T06:45:00+00:00,fixed_rule_battery_hydrogen_grid_15min,1177.79385,0.0,566.24,111.55385000000001,0.0,0.0,0.0,500.0,0.0,0.0,300.0,300.0,78.32140279886715,71.32839580586017,rule_ok,
2017-01-05T07:00:00+00:00,fixed_rule_battery_hydrogen_grid_15min,1190.329791,1.28,564.16,246.56302429366593,0.0,0.0,0.0,378.326766706334,0.0,0.0,300.0,300.0,71.32839580586017,66.03711235542193,rule_ok,
2017-01-05T07:15:00+00:00,fixed_rule_battery_hydrogen_grid_15min,1197.197822,3.2,567.04,373.63105529366607,0.0,0.0,0.0,253.326766706334,0.0,0.0,300.0,300.0,66.03711235542193,62.494080653235436,rule_ok,
2017-01-05T07:30:00+00:00,fixed_rule_battery_hydrogen_grid_15min,1201.590848,8.32,560.8,500.0,0.0,0.0,0.0,128.326766706334,0.0,4.144081293666147,300.0,300.0,62.494080653235436,60.69930069930069,rule_unserved,
2017-01-05T07:45:00+00:00,fixed_rule_battery_hydrogen_grid_15min,1203.580251,24.0,552.64,500.0,0.0,0.0,0.0,50.0,0.0,76.9402510000001,300.0,300.0,60.69930069930069,59.99999999999999,rule_unserved,
2017-01-05T08:00:00+00:00,fixed_rule_battery_hydrogen_grid_15min,1205.308339,50.24,547.36,500.0,0.0,0.0,0.0,0.0,0.0,107.70833899999991,300.0,300.0,59.99999999999999,59.99999999999999,rule_unserved,
2017-01-05T08:15:00+00:00,fixed_rule_battery_hydrogen_grid_15min,1213.928133,80.96,539.36,500.0,0.0,0.0,0.0,0.0,0.0,93.60813299999984,300.0,300.0,59.99999999999999,59.99999999999999,rule_unserved,
2017-01-05T08:30:00+00:00,fixed_rule_battery_hydrogen_grid_15min,1218.233224,116.48,516.96,500.0,0.0,0.0,0.0,0.0,0.0,84.79322400000001,300.0,300.0,59.99999999999999,59.99999999999999,rule_unserved,
2017-01-05T08:45:00+00:00,fixed_rule_battery_hydrogen_grid_15min,1220.019699,156.8,514.4,500.0,0.0,0.0,0.0,0.0,0.0,48.819699000000014,300.0,300.0,59.99999999999999,59.99999999999999,rule_unserved,
2017-01-05T09:00:00+00:00,fixed_rule_battery_hydrogen_grid_15min,1226.02244,188.8,506.4,500.0,0.0,0.0,0.0,0.0,0.0,30.82244000000003,300.0,300.0,59.99999999999999,59.99999999999999,rule_unserved,
2017-01-05T09:15:00+00:00,fixed_rule_battery_hydrogen_grid_15min,1229.19167,225.6,506.88,496.7116699999999,0.0,0.0,0.0,0.0,0.0,0.0,300.0,300.0,59.99999999999999,59.99999999999999,rule_ok,
2017-01-05T09:30:00+00:00,fixed_rule_battery_hydrogen_grid_15min,1233.286357,254.72,514.88,463.68635699999993,0.0,0.0,0.0,0.0,0.0,0.0,300.0,300.0,59.99999999999999,59.99999999999999,rule_ok,
2017-01-05T09:45:00+00:00,fixed_rule_battery_hydrogen_grid_15min,1234.667689,285.76,513.6,435.3076890000001,0.0,0.0,0.0,0.0,0.0,0.0,300.0,300.0,59.99999999999999,59.99999999999999,rule_ok,
2017-01-05T10:00:00+00:00,fixed_rule_battery_hydrogen_grid_15min,1232.358052,314.88,512.16,405.3180520000001,0.0,0.0,0.0,0.0,0.0,0.0,300.0,300.0,59.99999999999999,59.99999999999999,rule_ok,
2017-01-05T10:15:00+00:00,fixed_rule_battery_hydrogen_grid_15min,1234.502499,337.92,511.84,384.7424989999999,0.0,0.0,0.0,0.0,0.0,0.0,300.0,300.0,59.99999999999999,59.99999999999999,rule_ok,
2017-01-05T10:30:00+00:00,fixed_rule_battery_hydrogen_grid_15min,1240.63109,352.32,518.56,369.7510900000002,0.0,0.0,0.0,0.0,0.0,0.0,300.0,300.0,59.99999999999999,59.99999999999999,rule_ok,
2017-01-05T10:45:00+00:00,fixed_rule_battery_hydrogen_grid_15min,1240.087457,360.0,521.76,358.3274570000001,0.0,0.0,0.0,0.0,0.0,0.0,300.0,300.0,59.99999999999999,59.99999999999999,rule_ok,
2017-01-05T11:00:00+00:00,fixed_rule_battery_hydrogen_grid_15min,1240.891692,358.72,526.4,355.7716919999999,0.0,0.0,0.0,0.0,0.0,0.0,300.0,300.0,59.99999999999999,59.99999999999999,rule_ok,
2017-01-05T11:15:00+00:00,fixed_rule_battery_hydrogen_grid_15min,1244.042231,361.28,518.08,364.6822309999999,0.0,0.0,0.0,0.0,0.0,0.0,300.0,300.0,59.99999999999999,59.99999999999999,rule_ok,
2017-01-05T11:30:00+00:00,fixed_rule_battery_hydrogen_grid_15min,1237.288303,356.48,522.88,357.928303,0.0,0.0,0.0,0.0,0.0,0.0,300.0,300.0,59.99999999999999,59.99999999999999,rule_ok,
2017-01-05T11:45:00+00:00,fixed_rule_battery_hydrogen_grid_15min,1234.15414,344.64,511.84,377.67414000000014,0.0,0.0,0.0,0.0,0.0,0.0,300.0,300.0,59.99999999999999,59.99999999999999,rule_ok,
2017-01-05T12:00:00+00:00,fixed_rule_battery_hydrogen_grid_15min,1227.481026,328.96,486.24,412.2810259999999,0.0,0.0,0.0,0.0,0.0,0.0,300.0,300.0,59.99999999999999,59.99999999999999,rule_ok,
2017-01-05T12:15:00+00:00,fixed_rule_battery_hydrogen_grid_15min,1223.103842,321.6,481.92,419.58384199999995,0.0,0.0,0.0,0.0,0.0,0.0,300.0,300.0,59.99999999999999,59.99999999999999,rule_ok,
2017-01-05T12:30:00+00:00,fixed_rule_battery_hydrogen_grid_15min,1218.545092,304.64,474.24,439.6650920000001,0.0,0.0,0.0,0.0,0.0,0.0,300.0,300.0,59.99999999999999,59.99999999999999,rule_ok,
2017-01-05T12:45:00+00:00,fixed_rule_battery_hydrogen_grid_15min,1208.827709,282.24,462.4,464.1877089999999,0.0,0.0,0.0,0.0,0.0,0.0,300.0,300.0,59.99999999999999,59.99999999999999,rule_ok,
2017-01-05T13:00:00+00:00,fixed_rule_battery_hydrogen_grid_15min,1209.856053,255.36,446.88,500.0,0.0,0.0,0.0,0.0,0.0,7.616052999999965,300.0,300.0,59.99999999999999,59.99999999999999,rule_unserved,
2017-01-05T13:15:00+00:00,fixed_rule_battery_hydrogen_grid_15min,1208.074385,226.24,434.24,500.0,0.0,0.0,0.0,0.0,0.0,47.594384999999875,300.0,300.0,59.99999999999999,59.99999999999999,rule_unserved,
2017-01-05T13:30:00+00:00,fixed_rule_battery_hydrogen_grid_15min,1200.466024,195.52,420.8,500.0,0.0,0.0,0.0,0.0,0.0,84.14602400000012,300.0,300.0,59.99999999999999,59.99999999999999,rule_unserved,
2017-01-05T13:45:00+00:00,fixed_rule_battery_hydrogen_grid_15min,1193.967713,166.4,411.04,500.0,0.0,0.0,0.0,0.0,0.0,116.52771299999995,300.0,300.0,59.99999999999999,59.99999999999999,rule_unserved,
2017-01-05T14:00:00+00:00,fixed_rule_battery_hydrogen_grid_15min,1196.532789,134.08,413.76,500.0,0.0,0.0,0.0,0.0,0.0,148.69278900000018,300.0,300.0,59.99999999999999,59.99999999999999,rule_unserved,
2017-01-05T14:15:00+00:00,fixed_rule_battery_hydrogen_grid_15min,1196.192796,101.12,410.72,500.0,0.0,0.0,0.0,0.0,0.0,184.3527959999999,300.0,300.0,59.99999999999999,59.99999999999999,rule_unserved,
2017-01-05T14:30:00+00:00,fixed_rule_battery_hydrogen_grid_15min,1191.330723,67.52,404.8,500.0,0.0,0.0,0.0,0.0,0.0,219.0107230000001,300.0,300.0,59.99999999999999,59.99999999999999,rule_unserved,
2017-01-05T14:45:00+00:00,fixed_rule_battery_hydrogen_grid_15min,1188.968752,41.6,400.48,500.0,0.0,0.0,0.0,0.0,0.0,246.88875200000007,300.0,300.0,59.99999999999999,59.99999999999999,rule_unserved,
2017-01-05T15:00:00+00:00,fixed_rule_battery_hydrogen_grid_15min,1189.489956,20.16,390.08,500.0,0.0,0.0,0.0,0.0,0.0,279.2499559999999,300.0,300.0,59.99999999999999,59.99999999999999,rule_unserved,
2017-01-05T15:15:00+00:00,fixed_rule_battery_hydrogen_grid_15min,1192.55345,7.68,384.96,500.0,0.0,0.0,0.0,0.0,0.0,299.91345,300.0,300.0,59.99999999999999,59.99999999999999,rule_unserved,
2017-01-05T15:30:00+00:00,fixed_rule_battery_hydrogen_grid_15min,1209.626425,2.24,380.64,500.0,0.0,0.0,0.0,0.0,0.0,326.74642499999993,300.0,300.0,59.99999999999999,59.99999999999999,rule_unserved,
2017-01-05T15:45:00+00:00,fixed_rule_battery_hydrogen_grid_15min,1232.268515,0.64,375.04,500.0,0.0,0.0,0.0,0.0,0.0,356.5885149999999,300.0,300.0,59.99999999999999,59.99999999999999,rule_unserved,
2017-01-05T16:00:00+00:00,fixed_rule_battery_hydrogen_grid_15min,1253.861968,0.0,370.72,500.0,0.0,0.0,0.0,0.0,0.0,383.1419679999999,300.0,300.0,59.99999999999999,59.99999999999999,rule_unserved,
2017-01-05T16:15:00+00:00,fixed_rule_battery_hydrogen_grid_15min,1265.786812,0.0,371.36,500.0,0.0,0.0,0.0,0.0,0.0,394.42681200000004,300.0,300.0,59.99999999999999,59.99999999999999,rule_unserved,
2017-01-05T16:30:00+00:00,fixed_rule_battery_hydrogen_grid_15min,1275.976447,0.0,370.24,500.0,0.0,0.0,0.0,0.0,0.0,405.736447,300.0,300.0,59.99999999999999,59.99999999999999,rule_unserved,
2017-01-05T16:45:00+00:00,fixed_rule_battery_hydrogen_grid_15min,1275.816953,0.0,370.72,500.0,0.0,0.0,0.0,0.0,0.0,405.096953,300.0,300.0,59.99999999999999,59.99999999999999,rule_unserved,
2017-01-05T17:00:00+00:00,fixed_rule_battery_hydrogen_grid_15min,1267.934819,0.0,365.28,500.0,0.0,0.0,0.0,0.0,0.0,402.6548190000001,300.0,300.0,59.99999999999999,59.99999999999999,rule_unserved,
2017-01-05T17:15:00+00:00,fixed_rule_battery_hydrogen_grid_15min,1266.568974,0.0,355.68,500.0,0.0,0.0,0.0,0.0,0.0,410.88897399999996,300.0,300.0,59.99999999999999,59.99999999999999,rule_unserved,
2017-01-05T17:30:00+00:00,fixed_rule_battery_hydrogen_grid_15min,1262.872309,0.0,348.48,500.0,0.0,0.0,0.0,0.0,0.0,414.39230900000007,300.0,300.0,59.99999999999999,59.99999999999999,rule_unserved,
2017-01-05T17:45:00+00:00,fixed_rule_battery_hydrogen_grid_15min,1259.505135,0.0,338.4,500.0,0.0,0.0,0.0,0.0,0.0,421.10513500000013,300.0,300.0,59.99999999999999,59.99999999999999,rule_unserved,
2017-01-05T18:00:00+00:00,fixed_rule_battery_hydrogen_grid_15min,1249.871415,0.0,328.48,500.0,0.0,0.0,0.0,0.0,0.0,421.39141500000005,300.0,300.0,59.99999999999999,59.99999999999999,rule_unserved,
2017-01-05T18:15:00+00:00,fixed_rule_battery_hydrogen_grid_15min,1241.915052,0.0,321.6,500.0,0.0,0.0,0.0,0.0,0.0,420.31505200000004,300.0,300.0,59.99999999999999,59.99999999999999,rule_unserved,
2017-01-05T18:30:00+00:00,fixed_rule_battery_hydrogen_grid_15min,1231.402691,0.0,312.48,500.0,0.0,0.0,0.0,0.0,0.0,418.922691,300.0,300.0,59.99999999999999,59.99999999999999,rule_unserved,
2017-01-05T18:45:00+00:00,fixed_rule_battery_hydrogen_grid_15min,1224.712133,0.0,307.68,500.0,0.0,0.0,0.0,0.0,0.0,417.03213299999993,300.0,300.0,59.99999999999999,59.99999999999999,rule_unserved,
2017-01-05T19:00:00+00:00,fixed_rule_battery_hydrogen_grid_15min,1203.250582,0.0,300.8,500.0,0.0,0.0,0.0,0.0,0.0,402.45058199999994,300.0,300.0,59.99999999999999,59.99999999999999,rule_unserved,
2017-01-05T19:15:00+00:00,fixed_rule_battery_hydrogen_grid_15min,1180.350916,0.0,292.64,500.0,0.0,0.0,0.0,0.0,0.0,387.7109160000001,300.0,300.0,59.99999999999999,59.99999999999999,rule_unserved,
2017-01-05T19:30:00+00:00,fixed_rule_battery_hydrogen_grid_15min,1157.518714,0.0,288.8,500.0,0.0,0.0,0.0,0.0,0.0,368.7187140000001,300.0,300.0,59.99999999999999,59.99999999999999,rule_unserved,
2017-01-05T19:45:00+00:00,fixed_rule_battery_hydrogen_grid_15min,1140.273074,0.0,280.64,500.0,0.0,0.0,0.0,0.0,0.0,359.63307399999997,300.0,300.0,59.99999999999999,59.99999999999999,rule_unserved,
2017-01-05T20:00:00+00:00,fixed_rule_battery_hydrogen_grid_15min,1125.975757,0.0,278.56,500.0,0.0,0.0,0.0,0.0,0.0,347.415757,300.0,300.0,59.99999999999999,59.99999999999999,rule_unserved,
2017-01-05T20:15:00+00:00,fixed_rule_battery_hydrogen_grid_15min,1113.446225,0.0,269.76,500.0,0.0,0.0,0.0,0.0,0.0,343.6862249999999,300.0,300.0,59.99999999999999,59.99999999999999,rule_unserved,
2017-01-05T20:30:00+00:00,fixed_rule_battery_hydrogen_grid_15min,1099.893154,0.0,260.64,500.0,0.0,0.0,0.0,0.0,0.0,339.2531540000001,300.0,300.0,59.99999999999999,59.99999999999999,rule_unserved,
2017-01-05T20:45:00+00:00,fixed_rule_battery_hydrogen_grid_15min,1094.791483,0.0,253.92,500.0,0.0,0.0,0.0,0.0,0.0,340.871483,300.0,300.0,59.99999999999999,59.99999999999999,rule_unserved,
2017-01-05T21:00:00+00:00,fixed_rule_battery_hydrogen_grid_15min,1100.931823,0.0,244.96,500.0,0.0,0.0,0.0,0.0,0.0,355.97182299999986,300.0,300.0,59.99999999999999,59.99999999999999,rule_unserved,
2017-01-05T21:15:00+00:00,fixed_rule_battery_hydrogen_grid_15min,1093.898246,0.0,236.96,500.0,0.0,0.0,0.0,0.0,0.0,356.93824599999994,300.0,300.0,59.99999999999999,59.99999999999999,rule_unserved,
2017-01-05T21:30:00+00:00,fixed_rule_battery_hydrogen_grid_15min,1073.03373,0.0,230.88,500.0,0.0,0.0,0.0,0.0,0.0,342.1537300000001,300.0,300.0,59.99999999999999,59.99999999999999,rule_unserved,
2017-01-05T21:45:00+00:00,fixed_rule_battery_hydrogen_grid_15min,1059.408922,0.0,226.08,500.0,0.0,0.0,0.0,0.0,0.0,333.32892200000003,300.0,300.0,59.99999999999999,59.99999999999999,rule_unserved,
2017-01-05T22:00:00+00:00,fixed_rule_battery_hydrogen_grid_15min,1039.127022,0.0,224.16,500.0,0.0,0.0,0.0,0.0,0.0,314.96702199999993,300.0,300.0,59.99999999999999,59.99999999999999,rule_unserved,
2017-01-05T22:15:00+00:00,fixed_rule_battery_hydrogen_grid_15min,1024.123553,0.0,217.12,500.0,0.0,0.0,0.0,0.0,0.0,307.0035529999999,300.0,300.0,59.99999999999999,59.99999999999999,rule_unserved,
2017-01-05T22:30:00+00:00,fixed_rule_battery_hydrogen_grid_15min,1009.615299,0.0,210.56,500.0,0.0,0.0,0.0,0.0,0.0,299.0552990000001,300.0,300.0,59.99999999999999,59.99999999999999,rule_unserved,
2017-01-05T22:45:00+00:00,fixed_rule_battery_hydrogen_grid_15min,999.902188,0.0,201.92,500.0,0.0,0.0,0.0,0.0,0.0,297.98218800000006,300.0,300.0,59.99999999999999,59.99999999999999,rule_unserved,
2017-01-05T23:00:00+00:00,fixed_rule_battery_hydrogen_grid_15min,985.380049,0.0,191.2,500.0,0.0,0.0,0.0,0.0,0.0,294.18004900000005,300.0,300.0,59.99999999999999,59.99999999999999,rule_unserved,
2017-01-05T23:15:00+00:00,fixed_rule_battery_hydrogen_grid_15min,976.115158,0.0,184.16,500.0,0.0,0.0,0.0,0.0,0.0,291.955158,300.0,300.0,59.99999999999999,59.99999999999999,rule_unserved,
2017-01-05T23:30:00+00:00,fixed_rule_battery_hydrogen_grid_15min,965.29004,0.0,177.12,500.0,0.0,0.0,0.0,0.0,0.0,288.17004,300.0,300.0,59.99999999999999,59.99999999999999,rule_unserved,
2017-01-05T23:45:00+00:00,fixed_rule_battery_hydrogen_grid_15min,956.109168,0.0,174.72,500.0,0.0,0.0,0.0,0.0,0.0,281.3891679999999,300.0,300.0,59.99999999999999,59.99999999999999,rule_unserved,
2017-01-06T00:00:00+00:00,fixed_rule_battery_hydrogen_grid_15min,941.064758,0.0,170.72,500.0,0.0,0.0,0.0,0.0,0.0,270.34475799999996,300.0,300.0,59.99999999999999,59.99999999999999,rule_unserved,
2017-01-06T00:15:00+00:00,fixed_rule_battery_hydrogen_grid_15min,935.173984,0.0,165.92,500.0,0.0,0.0,0.0,0.0,0.0,269.25398400000006,300.0,300.0,59.99999999999999,59.99999999999999,rule_unserved,
2017-01-06T00:30:00+00:00,fixed_rule_battery_hydrogen_grid_15min,929.757953,0.0,163.68,500.0,0.0,0.0,0.0,0.0,0.0,266.077953,300.0,300.0,59.99999999999999,59.99999999999999,rule_unserved,
2017-01-06T00:45:00+00:00,fixed_rule_battery_hydrogen_grid_15min,923.509741,0.0,162.24,500.0,0.0,0.0,0.0,0.0,0.0,261.26974099999995,300.0,300.0,59.99999999999999,59.99999999999999,rule_unserved,
2017-01-06T01:00:00+00:00,fixed_rule_battery_hydrogen_grid_15min,915.736547,0.0,160.48,500.0,0.0,0.0,0.0,0.0,0.0,255.25654699999996,300.0,300.0,59.99999999999999,59.99999999999999,rule_unserved,
2017-01-06T01:15:00+00:00,fixed_rule_battery_hydrogen_grid_15min,915.838189,0.0,159.68,500.0,0.0,0.0,0.0,0.0,0.0,256.158189,300.0,300.0,59.99999999999999,59.99999999999999,rule_unserved,
2017-01-06T01:30:00+00:00,fixed_rule_battery_hydrogen_grid_15min,911.983811,0.0,155.2,500.0,0.0,0.0,0.0,0.0,0.0,256.783811,300.0,300.0,59.99999999999999,59.99999999999999,rule_unserved,
2017-01-06T01:45:00+00:00,fixed_rule_battery_hydrogen_grid_15min,910.038732,0.0,150.72,500.0,0.0,0.0,0.0,0.0,0.0,259.31873199999995,300.0,300.0,59.99999999999999,59.99999999999999,rule_unserved,
2017-01-06T02:00:00+00:00,fixed_rule_battery_hydrogen_grid_15min,911.413477,0.0,151.04,500.0,0.0,0.0,0.0,0.0,0.0,260.373477,300.0,300.0,59.99999999999999,59.99999999999999,rule_unserved,
2017-01-06T02:15:00+00:00,fixed_rule_battery_hydrogen_grid_15min,909.526963,0.0,152.0,500.0,0.0,0.0,0.0,0.0,0.0,257.526963,300.0,300.0,59.99999999999999,59.99999999999999,rule_unserved,
2017-01-06T02:30:00+00:00,fixed_rule_battery_hydrogen_grid_15min,908.012304,0.0,153.6,500.0,0.0,0.0,0.0,0.0,0.0,254.41230399999995,300.0,300.0,59.99999999999999,59.99999999999999,rule_unserved,
2017-01-06T02:45:00+00:00,fixed_rule_battery_hydrogen_grid_15min,904.243547,0.0,155.2,500.0,0.0,0.0,0.0,0.0,0.0,249.043547,300.0,300.0,59.99999999999999,59.99999999999999,rule_unserved,
2017-01-06T03:00:00+00:00,fixed_rule_battery_hydrogen_grid_15min,905.204783,0.0,156.32,500.0,0.0,0.0,0.0,0.0,0.0,248.88478299999997,300.0,300.0,59.99999999999999,59.99999999999999,rule_unserved,
2017-01-06T03:15:00+00:00,fixed_rule_battery_hydrogen_grid_15min,907.668217,0.0,155.36,500.0,0.0,0.0,0.0,0.0,0.0,252.308217,300.0,300.0,59.99999999999999,59.99999999999999,rule_unserved,
2017-01-06T03:30:00+00:00,fixed_rule_battery_hydrogen_grid_15min,911.037705,0.0,156.0,500.0,0.0,0.0,0.0,0.0,0.0,255.03770499999996,300.0,300.0,59.99999999999999,59.99999999999999,rule_unserved,
2017-01-06T03:45:00+00:00,fixed_rule_battery_hydrogen_grid_15min,913.632686,0.0,154.24,500.0,0.0,0.0,0.0,0.0,0.0,259.392686,300.0,300.0,59.99999999999999,59.99999999999999,rule_unserved,
2017-01-06T04:00:00+00:00,fixed_rule_battery_hydrogen_grid_15min,923.622064,0.0,152.32,500.0,0.0,0.0,0.0,0.0,0.0,271.302064,300.0,300.0,59.99999999999999,59.99999999999999,rule_unserved,
2017-01-06T04:15:00+00:00,fixed_rule_battery_hydrogen_grid_15min,925.520505,0.0,148.96,500.0,0.0,0.0,0.0,0.0,0.0,276.5605049999999,300.0,300.0,59.99999999999999,59.99999999999999,rule_unserved,
2017-01-06T04:30:00+00:00,fixed_rule_battery_hydrogen_grid_15min,933.100028,0.0,144.48,500.0,0.0,0.0,0.0,0.0,0.0,288.62002799999993,300.0,300.0,59.99999999999999,59.99999999999999,rule_unserved,
2017-01-06T04:45:00+00:00,fixed_rule_battery_hydrogen_grid_15min,939.855915,0.0,143.04,500.0,0.0,0.0,0.0,0.0,0.0,296.815915,300.0,300.0,59.99999999999999,59.99999999999999,rule_unserved,
2017-01-06T05:00:00+00:00,fixed_rule_battery_hydrogen_grid_15min,954.843897,0.0,142.88,500.0,0.0,0.0,0.0,0.0,0.0,311.963897,300.0,300.0,59.99999999999999,59.99999999999999,rule_unserved,
2017-01-06T05:15:00+00:00,fixed_rule_battery_hydrogen_grid_15min,975.523998,0.0,145.12,500.0,0.0,0.0,0.0,0.0,0.0,330.403998,300.0,300.0,59.99999999999999,59.99999999999999,rule_unserved,
2017-01-06T05:30:00+00:00,fixed_rule_battery_hydrogen_grid_15min,993.655222,0.0,148.8,500.0,0.0,0.0,0.0,0.0,0.0,344.8552219999999,300.0,300.0,59.99999999999999,59.99999999999999,rule_unserved,
2017-01-06T05:45:00+00:00,fixed_rule_battery_hydrogen_grid_15min,1020.643701,0.0,149.76,500.0,0.0,0.0,0.0,0.0,0.0,370.883701,300.0,300.0,59.99999999999999,59.99999999999999,rule_unserved,
2017-01-06T06:00:00+00:00,fixed_rule_battery_hydrogen_grid_15min,1044.546791,0.0,152.16,500.0,0.0,0.0,0.0,0.0,0.0,392.386791,300.0,300.0,59.99999999999999,59.99999999999999,rule_unserved,
2017-01-06T06:15:00+00:00,fixed_rule_battery_hydrogen_grid_15min,1065.915956,0.0,158.72,500.0,0.0,0.0,0.0,0.0,0.0,407.195956,300.0,300.0,59.99999999999999,59.99999999999999,rule_unserved,
2017-01-06T06:30:00+00:00,fixed_rule_battery_hydrogen_grid_15min,1087.351339,0.0,163.52,500.0,0.0,0.0,0.0,0.0,0.0,423.83133900000007,300.0,300.0,59.99999999999999,59.99999999999999,rule_unserved,
2017-01-06T06:45:00+00:00,fixed_rule_battery_hydrogen_grid_15min,1106.791446,0.0,159.68,500.0,0.0,0.0,0.0,0.0,0.0,447.1114459999999,300.0,300.0,59.99999999999999,59.99999999999999,rule_unserved,
2017-01-06T07:00:00+00:00,fixed_rule_battery_hydrogen_grid_15min,1122.605735,0.96,158.4,500.0,0.0,0.0,0.0,0.0,0.0,463.2457350000001,300.0,300.0,59.99999999999999,59.99999999999999,rule_unserved,
2017-01-06T07:15:00+00:00,fixed_rule_battery_hydrogen_grid_15min,1126.864722,3.52,153.76,500.0,0.0,0.0,0.0,0.0,0.0,469.58472200000006,300.0,300.0,59.99999999999999,59.99999999999999,rule_unserved,
2017-01-06T07:30:00+00:00,fixed_rule_battery_hydrogen_grid_15min,1129.706599,8.32,148.96,500.0,0.0,0.0,0.0,0.0,0.0,472.4265990000001,300.0,300.0,59.99999999999999,59.99999999999999,rule_unserved,
2017-01-06T07:45:00+00:00,fixed_rule_battery_hydrogen_grid_15min,1131.064255,28.8,144.64,500.0,0.0,0.0,0.0,0.0,0.0,457.62425500000006,300.0,300.0,59.99999999999999,59.99999999999999,rule_unserved,
2017-01-06T08:00:00+00:00,fixed_rule_battery_hydrogen_grid_15min,1127.641187,64.96,140.16,500.0,0.0,0.0,0.0,0.0,0.0,422.52118699999994,300.0,300.0,59.99999999999999,59.99999999999999,rule_unserved,
2017-01-06T08:15:00+00:00,fixed_rule_battery_hydrogen_grid_15min,1135.741736,111.36,136.8,500.0,0.0,0.0,0.0,0.0,0.0,387.5817360000001,300.0,300.0,59.99999999999999,59.99999999999999,rule_unserved,
2017-01-06T08:30:00+00:00,fixed_rule_battery_hydrogen_grid_15min,1143.606782,158.4,131.36,500.0,0.0,0.0,0.0,0.0,0.0,353.8467820000001,300.0,300.0,59.99999999999999,59.99999999999999,rule_unserved,
2017-01-06T08:45:00+00:00,fixed_rule_battery_hydrogen_grid_15min,1149.998823,200.0,124.96,500.0,0.0,0.0,0.0,0.0,0.0,325.03882299999987,300.0,300.0,59.99999999999999,59.99999999999999,rule_unserved,
2017-01-06T09:00:00+00:00,fixed_rule_battery_hydrogen_grid_15min,1146.802002,252.48,119.68,500.0,0.0,0.0,0.0,0.0,0.0,274.6420019999998,300.0,300.0,59.99999999999999,59.99999999999999,rule_unserved,
2017-01-06T09:15:00+00:00,fixed_rule_battery_hydrogen_grid_15min,1146.561159,306.88,116.64,500.0,0.0,0.0,0.0,0.0,0.0,223.0411590000001,300.0,300.0,59.99999999999999,59.99999999999999,rule_unserved,
2017-01-06T09:30:00+00:00,fixed_rule_battery_hydrogen_grid_15min,1148.622654,346.88,117.92,500.0,0.0,0.0,0.0,0.0,0.0,183.82265400000006,300.0,300.0,59.99999999999999,59.99999999999999,rule_unserved,
2017-01-06T09:45:00+00:00,fixed_rule_battery_hydrogen_grid_15min,1150.730431,391.36,114.88,500.0,0.0,0.0,0.0,0.0,0.0,144.49043099999994,300.0,300.0,59.99999999999999,59.99999999999999,rule_unserved,
2017-01-06T10:00:00+00:00,fixed_rule_battery_hydrogen_grid_15min,1151.536267,441.92,109.76,500.0,0.0,0.0,0.0,0.0,0.0,99.85626699999989,300.0,300.0,59.99999999999999,59.99999999999999,rule_unserved,
2017-01-06T10:15:00+00:00,fixed_rule_battery_hydrogen_grid_15min,1154.319223,488.96,108.96,500.0,0.0,0.0,0.0,0.0,0.0,56.39922299999989,300.0,300.0,59.99999999999999,59.99999999999999,rule_unserved,
2017-01-06T10:30:00+00:00,fixed_rule_battery_hydrogen_grid_15min,1152.48967,518.72,107.36,500.0,0.0,0.0,0.0,0.0,0.0,26.409669999999892,300.0,300.0,59.99999999999999,59.99999999999999,rule_unserved,
2017-01-06T10:45:00+00:00,fixed_rule_battery_hydrogen_grid_15min,1151.221551,549.12,110.08,492.0215510000001,0.0,0.0,0.0,0.0,0.0,0.0,300.0,300.0,59.99999999999999,59.99999999999999,rule_ok,
2017-01-06T11:00:00+00:00,fixed_rule_battery_hydrogen_grid_15min,1151.745247,570.56,114.08,467.10524700000013,0.0,0.0,0.0,0.0,0.0,0.0,300.0,300.0,59.99999999999999,59.99999999999999,rule_ok,
2017-01-06T11:15:00+00:00,fixed_rule_battery_hydrogen_grid_15min,1150.91716,579.2,119.36,452.3571599999999,0.0,0.0,0.0,0.0,0.0,0.0,300.0,300.0,59.99999999999999,59.99999999999999,rule_ok,
2017-01-06T11:30:00+00:00,fixed_rule_battery_hydrogen_grid_15min,1146.169722,587.2,123.68,435.28972200000004,0.0,0.0,0.0,0.0,0.0,0.0,300.0,300.0,59.99999999999999,59.99999999999999,rule_ok,
2017-01-06T11:45:00+00:00,fixed_rule_battery_hydrogen_grid_15min,1140.917458,589.44,127.84,423.6374579999998,0.0,0.0,0.0,0.0,0.0,0.0,300.0,300.0,59.99999999999999,59.99999999999999,rule_ok,
2017-01-06T12:00:00+00:00,fixed_rule_battery_hydrogen_grid_15min,1138.954934,579.52,132.96,426.4749340000001,0.0,0.0,0.0,0.0,0.0,0.0,300.0,300.0,59.99999999999999,59.99999999999999,rule_ok,
2017-01-06T12:15:00+00:00,fixed_rule_battery_hydrogen_grid_15min,1129.278493,567.68,135.52,426.0784930000001,0.0,0.0,0.0,0.0,0.0,0.0,300.0,300.0,59.99999999999999,59.99999999999999,rule_ok,
2017-01-06T12:30:00+00:00,fixed_rule_battery_hydrogen_grid_15min,1116.768541,531.84,133.92,451.0085409999999,0.0,0.0,0.0,0.0,0.0,0.0,300.0,300.0,59.99999999999999,59.99999999999999,rule_ok,
2017-01-06T12:45:00+00:00,fixed_rule_battery_hydrogen_grid_15min,1109.520822,505.28,133.28,470.960822,0.0,0.0,0.0,0.0,0.0,0.0,300.0,300.0,59.99999999999999,59.99999999999999,rule_ok,
2017-01-06T13:00:00+00:00,fixed_rule_battery_hydrogen_grid_15min,1105.511756,459.84,136.48,500.0,0.0,0.0,0.0,0.0,0.0,9.191756000000169,300.0,300.0,59.99999999999999,59.99999999999999,rule_unserved,
2017-01-06T13:15:00+00:00,fixed_rule_battery_hydrogen_grid_15min,1105.344608,416.64,139.04,500.0,0.0,0.0,0.0,0.0,0.0,49.66460800000016,300.0,300.0,59.99999999999999,59.99999999999999,rule_unserved,
2017-01-06T13:30:00+00:00,fixed_rule_battery_hydrogen_grid_15min,1097.216112,363.52,140.64,500.0,0.0,0.0,0.0,0.0,0.0,93.0561120000001,300.0,300.0,59.99999999999999,59.99999999999999,rule_unserved,
2017-01-06T13:45:00+00:00,fixed_rule_battery_hydrogen_grid_15min,1088.305099,309.12,141.92,500.0,0.0,0.0,0.0,0.0,0.0,137.26509899999996,300.0,300.0,59.99999999999999,59.99999999999999,rule_unserved,
2017-01-06T14:00:00+00:00,fixed_rule_battery_hydrogen_grid_15min,1092.077238,250.56,146.56,500.0,0.0,0.0,0.0,0.0,0.0,194.9572380000002,300.0,300.0,59.99999999999999,59.99999999999999,rule_unserved,
2017-01-06T14:15:00+00:00,fixed_rule_battery_hydrogen_grid_15min,1094.421585,191.36,152.32,500.0,0.0,0.0,0.0,0.0,0.0,250.741585,300.0,300.0,59.99999999999999,59.99999999999999,rule_unserved,
2017-01-06T14:30:00+00:00,fixed_rule_battery_hydrogen_grid_15min,1090.300375,132.16,156.0,500.0,0.0,0.0,0.0,0.0,0.0,302.14037500000006,300.0,300.0,59.99999999999999,59.99999999999999,rule_unserved,
2017-01-06T14:45:00+00:00,fixed_rule_battery_hydrogen_grid_15min,1091.082359,78.72,162.24,500.0,0.0,0.0,0.0,0.0,0.0,350.12235899999996,300.0,300.0,59.99999999999999,59.99999999999999,rule_unserved,
2017-01-06T15:00:00+00:00,fixed_rule_battery_hydrogen_grid_15min,1094.834739,38.4,167.68,500.0,0.0,0.0,0.0,0.0,0.0,388.75473899999974,300.0,300.0,59.99999999999999,59.99999999999999,rule_unserved,
2017-01-06T15:15:00+00:00,fixed_rule_battery_hydrogen_grid_15min,1108.740619,14.08,172.64,500.0,0.0,0.0,0.0,0.0,0.0,422.020619,300.0,300.0,59.99999999999999,59.99999999999999,rule_unserved,
2017-01-06T15:30:00+00:00,fixed_rule_battery_hydrogen_grid_15min,1123.514281,4.16,180.64,500.0,0.0,0.0,0.0,0.0,0.0,438.7142809999999,300.0,300.0,59.99999999999999,59.99999999999999,rule_unserved,
2017-01-06T15:45:00+00:00,fixed_rule_battery_hydrogen_grid_15min,1140.737671,0.96,190.4,500.0,0.0,0.0,0.0,0.0,0.0,449.3776710000001,300.0,300.0,59.99999999999999,59.99999999999999,rule_unserved,
2017-01-06T16:00:00+00:00,fixed_rule_battery_hydrogen_grid_15min,1164.464534,0.0,197.44,500.0,0.0,0.0,0.0,0.0,0.0,467.0245339999999,300.0,300.0,59.99999999999999,59.99999999999999,rule_unserved,
2017-01-06T16:15:00+00:00,fixed_rule_battery_hydrogen_grid_15min,1181.067749,0.0,208.0,500.0,0.0,0.0,0.0,0.0,0.0,473.06774900000005,300.0,300.0,59.99999999999999,59.99999999999999,rule_unserved,
2017-01-06T16:30:00+00:00,fixed_rule_battery_hydrogen_grid_15min,1190.252714,0.0,220.96,500.0,0.0,0.0,0.0,0.0,0.0,469.29271399999993,300.0,300.0,59.99999999999999,59.99999999999999,rule_unserved,
2017-01-06T16:45:00+00:00,fixed_rule_battery_hydrogen_grid_15min,1198.316416,0.0,235.52,500.0,0.0,0.0,0.0,0.0,0.0,462.7964159999999,300.0,300.0,59.99999999999999,59.99999999999999,rule_unserved,
2017-01-06T17:00:00+00:00,fixed_rule_battery_hydrogen_grid_15min,1196.853557,0.0,247.68,500.0,0.0,0.0,0.0,0.0,0.0,449.17355699999985,300.0,300.0,59.99999999999999,59.99999999999999,rule_unserved,
2017-01-06T17:15:00+00:00,fixed_rule_battery_hydrogen_grid_15min,1193.543879,0.0,261.92,500.0,0.0,0.0,0.0,0.0,0.0,431.623879,300.0,300.0,59.99999999999999,59.99999999999999,rule_unserved,
2017-01-06T17:30:00+00:00,fixed_rule_battery_hydrogen_grid_15min,1187.355656,0.0,275.52,500.0,0.0,0.0,0.0,0.0,0.0,411.835656,300.0,300.0,59.99999999999999,59.99999999999999,rule_unserved,
2017-01-06T17:45:00+00:00,fixed_rule_battery_hydrogen_grid_15min,1186.631881,0.0,288.8,500.0,0.0,0.0,0.0,0.0,0.0,397.83188100000007,300.0,300.0,59.99999999999999,59.99999999999999,rule_unserved,
2017-01-06T18:00:00+00:00,fixed_rule_battery_hydrogen_grid_15min,1182.850842,0.0,303.84,500.0,0.0,0.0,0.0,0.0,0.0,379.01084200000014,300.0,300.0,59.99999999999999,59.99999999999999,rule_unserved,
2017-01-06T18:15:00+00:00,fixed_rule_battery_hydrogen_grid_15min,1175.497743,0.0,316.96,500.0,0.0,0.0,0.0,0.0,0.0,358.53774299999986,300.0,300.0,59.99999999999999,59.99999999999999,rule_unserved,
2017-01-06T18:30:00+00:00,fixed_rule_battery_hydrogen_grid_15min,1165.010303,0.0,325.6,500.0,0.0,0.0,0.0,0.0,0.0,339.410303,300.0,300.0,59.99999999999999,59.99999999999999,rule_unserved,
2017-01-06T18:45:00+00:00,fixed_rule_battery_hydrogen_grid_15min,1156.98505,0.0,328.8,500.0,0.0,0.0,0.0,0.0,0.0,328.18505000000005,300.0,300.0,59.99999999999999,59.99999999999999,rule_unserved,
2017-01-06T19:00:00+00:00,fixed_rule_battery_hydrogen_grid_15min,1139.11603,0.0,335.04,500.0,0.0,0.0,0.0,0.0,0.0,304.07602999999995,300.0,300.0,59.99999999999999,59.99999999999999,rule_unserved,
2017-01-06T19:15:00+00:00,fixed_rule_battery_hydrogen_grid_15min,1120.943687,0.0,340.8,500.0,0.0,0.0,0.0,0.0,0.0,280.143687,300.0,300.0,59.99999999999999,59.99999999999999,rule_unserved,
2017-01-06T19:30:00+00:00,fixed_rule_battery_hydrogen_grid_15min,1106.877601,0.0,344.0,500.0,0.0,0.0,0.0,0.0,0.0,262.8776009999999,300.0,300.0,59.99999999999999,59.99999999999999,rule_unserved,
2017-01-06T19:45:00+00:00,fixed_rule_battery_hydrogen_grid_15min,1092.198638,0.0,343.04,500.0,0.0,0.0,0.0,0.0,0.0,249.1586380000001,300.0,300.0,59.99999999999999,59.99999999999999,rule_unserved,
2017-01-06T20:00:00+00:00,fixed_rule_battery_hydrogen_grid_15min,1082.254475,0.0,342.88,500.0,0.0,0.0,0.0,0.0,0.0,239.37447499999996,300.0,300.0,59.99999999999999,59.99999999999999,rule_unserved,
2017-01-06T20:15:00+00:00,fixed_rule_battery_hydrogen_grid_15min,1081.552238,0.0,344.32,500.0,0.0,0.0,0.0,0.0,0.0,237.23223800000005,300.0,300.0,59.99999999999999,59.99999999999999,rule_unserved,
2017-01-06T20:30:00+00:00,fixed_rule_battery_hydrogen_grid_15min,1067.361548,0.0,346.88,500.0,0.0,0.0,0.0,0.0,0.0,220.4815480000001,300.0,300.0,59.99999999999999,59.99999999999999,rule_unserved,
2017-01-06T20:45:00+00:00,fixed_rule_battery_hydrogen_grid_15min,1058.12496,0.0,347.52,500.0,0.0,0.0,0.0,0.0,0.0,210.60496000000012,300.0,300.0,59.99999999999999,59.99999999999999,rule_unserved,
2017-01-06T21:00:00+00:00,fixed_rule_battery_hydrogen_grid_15min,1066.334271,0.0,354.72,500.0,0.0,0.0,0.0,0.0,0.0,211.61427099999992,300.0,300.0,59.99999999999999,59.99999999999999,rule_unserved,
2017-01-06T21:15:00+00:00,fixed_rule_battery_hydrogen_grid_15min,1063.054143,0.0,361.6,500.0,0.0,0.0,0.0,0.0,0.0,201.45414300000004,300.0,300.0,59.99999999999999,59.99999999999999,rule_unserved,
2017-01-06T21:30:00+00:00,fixed_rule_battery_hydrogen_grid_15min,1052.071488,0.0,369.92,500.0,0.0,0.0,0.0,0.0,0.0,182.15148799999997,300.0,300.0,59.99999999999999,59.99999999999999,rule_unserved,
2017-01-06T21:45:00+00:00,fixed_rule_battery_hydrogen_grid_15min,1039.347038,0.0,374.88,500.0,0.0,0.0,0.0,0.0,0.0,164.46703800000012,300.0,300.0,59.99999999999999,59.99999999999999,rule_unserved,
2017-01-06T22:00:00+00:00,fixed_rule_battery_hydrogen_grid_15min,1025.486728,0.0,376.8,500.0,0.0,0.0,0.0,0.0,0.0,148.68672800000013,300.0,300.0,59.99999999999999,59.99999999999999,rule_unserved,
2017-01-06T22:15:00+00:00,fixed_rule_battery_hydrogen_grid_15min,1017.176665,0.0,383.04,500.0,0.0,0.0,0.0,0.0,0.0,134.136665,300.0,300.0,59.99999999999999,59.99999999999999,rule_unserved,
2017-01-06T22:30:00+00:00,fixed_rule_battery_hydrogen_grid_15min,1002.8069,0.0,391.04,500.0,0.0,0.0,0.0,0.0,0.0,111.76690000000008,300.0,300.0,59.99999999999999,59.99999999999999,rule_unserved,
2017-01-06T22:45:00+00:00,fixed_rule_battery_hydrogen_grid_15min,991.039592,0.0,398.88,500.0,0.0,0.0,0.0,0.0,0.0,92.15959199999998,300.0,300.0,59.99999999999999,59.99999999999999,rule_unserved,
2017-01-06T23:00:00+00:00,fixed_rule_battery_hydrogen_grid_15min,985.718973,0.0,407.84,500.0,0.0,0.0,0.0,0.0,0.0,77.87897300000009,300.0,300.0,59.99999999999999,59.99999999999999,rule_unserved,
2017-01-06T23:15:00+00:00,fixed_rule_battery_hydrogen_grid_15min,975.372693,0.0,417.28,500.0,0.0,0.0,0.0,0.0,0.0,58.092693000000054,300.0,300.0,59.99999999999999,59.99999999999999,rule_unserved,
2017-01-06T23:30:00+00:00,fixed_rule_battery_hydrogen_grid_15min,967.165696,0.0,420.96,500.0,0.0,0.0,0.0,0.0,0.0,46.20569599999999,300.0,300.0,59.99999999999999,59.99999999999999,rule_unserved,
2017-01-06T23:45:00+00:00,fixed_rule_battery_hydrogen_grid_15min,953.510805,0.0,425.28,500.0,0.0,0.0,0.0,0.0,0.0,28.230805000000032,300.0,300.0,59.99999999999999,59.99999999999999,rule_unserved,
2017-01-07T00:00:00+00:00,fixed_rule_battery_hydrogen_grid_15min,939.954174,0.0,428.48,500.0,0.0,0.0,0.0,0.0,0.0,11.474173999999948,300.0,300.0,59.99999999999999,59.99999999999999,rule_unserved,
2017-01-07T00:15:00+00:00,fixed_rule_battery_hydrogen_grid_15min,930.269188,0.0,436.0,494.269188,0.0,0.0,0.0,0.0,0.0,0.0,300.0,300.0,59.99999999999999,59.99999999999999,rule_ok,
2017-01-07T00:30:00+00:00,fixed_rule_battery_hydrogen_grid_15min,926.064493,0.0,443.68,482.38449299999996,0.0,0.0,0.0,0.0,0.0,0.0,300.0,300.0,59.99999999999999,59.99999999999999,rule_ok,
2017-01-07T00:45:00+00:00,fixed_rule_battery_hydrogen_grid_15min,923.85632,0.0,448.32,475.53632,0.0,0.0,0.0,0.0,0.0,0.0,300.0,300.0,59.99999999999999,59.99999999999999,rule_ok,
2017-01-07T01:00:00+00:00,fixed_rule_battery_hydrogen_grid_15min,914.039431,0.0,452.0,462.03943100000004,0.0,0.0,0.0,0.0,0.0,0.0,300.0,300.0,59.99999999999999,59.99999999999999,rule_ok,
2017-01-07T01:15:00+00:00,fixed_rule_battery_hydrogen_grid_15min,905.795053,0.0,459.36,446.43505300000004,0.0,0.0,0.0,0.0,0.0,0.0,300.0,300.0,59.99999999999999,59.99999999999999,rule_ok,
2017-01-07T01:30:00+00:00,fixed_rule_battery_hydrogen_grid_15min,901.59819,0.0,464.48,437.11819,0.0,0.0,0.0,0.0,0.0,0.0,300.0,300.0,59.99999999999999,59.99999999999999,rule_ok,
2017-01-07T01:45:00+00:00,fixed_rule_battery_hydrogen_grid_15min,897.40916,0.0,467.36,430.04916000000003,0.0,0.0,0.0,0.0,0.0,0.0,300.0,300.0,59.99999999999999,59.99999999999999,rule_ok,
2017-01-07T02:00:00+00:00,fixed_rule_battery_hydrogen_grid_15min,890.137232,0.0,469.12,421.01723200000004,0.0,0.0,0.0,0.0,0.0,0.0,300.0,300.0,59.99999999999999,59.99999999999999,rule_ok,
2017-01-07T02:15:00+00:00,fixed_rule_battery_hydrogen_grid_15min,884.914161,0.0,472.96,411.95416100000006,0.0,0.0,0.0,0.0,0.0,0.0,300.0,300.0,59.99999999999999,59.99999999999999,rule_ok,
2017-01-07T02:30:00+00:00,fixed_rule_battery_hydrogen_grid_15min,881.308458,0.0,473.44,407.868458,0.0,0.0,0.0,0.0,0.0,0.0,300.0,300.0,59.99999999999999,59.99999999999999,rule_ok,
2017-01-07T02:45:00+00:00,fixed_rule_battery_hydrogen_grid_15min,877.426133,0.0,480.32,397.10613300000006,0.0,0.0,0.0,0.0,0.0,0.0,300.0,300.0,59.99999999999999,59.99999999999999,rule_ok,
2017-01-07T03:00:00+00:00,fixed_rule_battery_hydrogen_grid_15min,870.83597,0.0,482.4,388.43597,0.0,0.0,0.0,0.0,0.0,0.0,300.0,300.0,59.99999999999999,59.99999999999999,rule_ok,
2017-01-07T03:15:00+00:00,fixed_rule_battery_hydrogen_grid_15min,871.123629,0.0,488.0,383.12362900000005,0.0,0.0,0.0,0.0,0.0,0.0,300.0,300.0,59.99999999999999,59.99999999999999,rule_ok,
2017-01-07T03:30:00+00:00,fixed_rule_battery_hydrogen_grid_15min,873.918511,0.0,498.56,375.35851099999996,0.0,0.0,0.0,0.0,0.0,0.0,300.0,300.0,59.99999999999999,59.99999999999999,rule_ok,
2017-01-07T03:45:00+00:00,fixed_rule_battery_hydrogen_grid_15min,867.290968,0.0,500.16,367.130968,0.0,0.0,0.0,0.0,0.0,0.0,300.0,300.0,59.99999999999999,59.99999999999999,rule_ok,
2017-01-07T04:00:00+00:00,fixed_rule_battery_hydrogen_grid_15min,865.162898,0.0,512.96,352.202898,0.0,0.0,0.0,0.0,0.0,0.0,300.0,300.0,59.99999999999999,59.99999999999999,rule_ok,
2017-01-07T04:15:00+00:00,fixed_rule_battery_hydrogen_grid_15min,864.02686,0.0,519.04,344.9868600000001,0.0,0.0,0.0,0.0,0.0,0.0,300.0,300.0,59.99999999999999,59.99999999999999,rule_ok,
2017-01-07T04:30:00+00:00,fixed_rule_battery_hydrogen_grid_15min,858.126117,0.0,518.24,339.886117,0.0,0.0,0.0,0.0,0.0,0.0,300.0,300.0,59.99999999999999,59.99999999999999,rule_ok,
2017-01-07T04:45:00+00:00,fixed_rule_battery_hydrogen_grid_15min,858.040852,0.0,517.28,340.760852,0.0,0.0,0.0,0.0,0.0,0.0,300.0,300.0,59.99999999999999,59.99999999999999,rule_ok,
2017-01-07T05:00:00+00:00,fixed_rule_battery_hydrogen_grid_15min,848.835238,0.0,527.84,320.995238,0.0,0.0,0.0,0.0,0.0,0.0,300.0,300.0,59.99999999999999,59.99999999999999,rule_ok,
2017-01-07T05:15:00+00:00,fixed_rule_battery_hydrogen_grid_15min,856.386458,0.0,534.08,322.3064579999999,0.0,0.0,0.0,0.0,0.0,0.0,300.0,300.0,59.99999999999999,59.99999999999999,rule_ok,
2017-01-07T05:30:00+00:00,fixed_rule_battery_hydrogen_grid_15min,863.470589,0.0,534.4,329.07058900000004,0.0,0.0,0.0,0.0,0.0,0.0,300.0,300.0,59.99999999999999,59.99999999999999,rule_ok,
2017-01-07T05:45:00+00:00,fixed_rule_battery_hydrogen_grid_15min,875.334554,0.0,528.96,346.374554,0.0,0.0,0.0,0.0,0.0,0.0,300.0,300.0,59.99999999999999,59.99999999999999,rule_ok,
2017-01-07T06:00:00+00:00,fixed_rule_battery_hydrogen_grid_15min,888.525204,0.0,533.6,354.925204,0.0,0.0,0.0,0.0,0.0,0.0,300.0,300.0,59.99999999999999,59.99999999999999,rule_ok,
2017-01-07T06:15:00+00:00,fixed_rule_battery_hydrogen_grid_15min,897.551743,0.0,531.84,365.71174299999996,0.0,0.0,0.0,0.0,0.0,0.0,300.0,300.0,59.99999999999999,59.99999999999999,rule_ok,
2017-01-07T06:30:00+00:00,fixed_rule_battery_hydrogen_grid_15min,917.873517,0.0,534.88,382.993517,0.0,0.0,0.0,0.0,0.0,0.0,300.0,300.0,59.99999999999999,59.99999999999999,rule_ok,
2017-01-07T06:45:00+00:00,fixed_rule_battery_hydrogen_grid_15min,933.807248,0.0,540.64,393.167248,0.0,0.0,0.0,0.0,0.0,0.0,300.0,300.0,59.99999999999999,59.99999999999999,rule_ok,
2017-01-07T07:00:00+00:00,fixed_rule_battery_hydrogen_grid_15min,954.408137,0.96,549.92,403.528137,0.0,0.0,0.0,0.0,0.0,0.0,300.0,300.0,59.99999999999999,59.99999999999999,rule_ok,
2017-01-07T07:15:00+00:00,fixed_rule_battery_hydrogen_grid_15min,966.760731,3.84,553.28,409.64073099999996,0.0,0.0,0.0,0.0,0.0,0.0,300.0,300.0,59.99999999999999,59.99999999999999,rule_ok,
2017-01-07T07:30:00+00:00,fixed_rule_battery_hydrogen_grid_15min,988.163005,7.68,554.56,425.9230050000001,0.0,0.0,0.0,0.0,0.0,0.0,300.0,300.0,59.99999999999999,59.99999999999999,rule_ok,
2017-01-07T07:45:00+00:00,fixed_rule_battery_hydrogen_grid_15min,1000.666726,17.28,552.0,431.38672600000007,0.0,0.0,0.0,0.0,0.0,0.0,300.0,300.0,59.99999999999999,59.99999999999999,rule_ok,
2017-01-07T08:00:00+00:00,fixed_rule_battery_hydrogen_grid_15min,1015.884337,29.76,553.12,433.00433699999996,0.0,0.0,0.0,0.0,0.0,0.0,300.0,300.0,59.99999999999999,59.99999999999999,rule_ok,
2017-01-07T08:15:00+00:00,fixed_rule_battery_hydrogen_grid_15min,1034.674364,44.48,554.72,435.4743639999999,0.0,0.0,0.0,0.0,0.0,0.0,300.0,300.0,59.99999999999999,59.99999999999999,rule_ok,
2017-01-07T08:30:00+00:00,fixed_rule_battery_hydrogen_grid_15min,1048.072035,60.16,556.96,430.9520349999999,0.0,0.0,0.0,0.0,0.0,0.0,300.0,300.0,59.99999999999999,59.99999999999999,rule_ok,
2017-01-07T08:45:00+00:00,fixed_rule_battery_hydrogen_grid_15min,1056.281879,75.52,555.04,425.72187899999994,0.0,0.0,0.0,0.0,0.0,0.0,300.0,300.0,59.99999999999999,59.99999999999999,rule_ok,
2017-01-07T09:00:00+00:00,fixed_rule_battery_hydrogen_grid_15min,1070.303642,90.88,538.88,440.5436420000001,0.0,0.0,0.0,0.0,0.0,0.0,300.0,300.0,59.99999999999999,59.99999999999999,rule_ok,
2017-01-07T09:15:00+00:00,fixed_rule_battery_hydrogen_grid_15min,1077.789534,104.32,531.52,441.9495340000001,0.0,0.0,0.0,0.0,0.0,0.0,300.0,300.0,59.99999999999999,59.99999999999999,rule_ok,
2017-01-07T09:30:00+00:00,fixed_rule_battery_hydrogen_grid_15min,1084.243521,114.88,526.72,442.6435210000001,0.0,0.0,0.0,0.0,0.0,0.0,300.0,300.0,59.99999999999999,59.99999999999999,rule_ok,
2017-01-07T09:45:00+00:00,fixed_rule_battery_hydrogen_grid_15min,1090.208346,127.68,516.64,445.88834599999984,0.0,0.0,0.0,0.0,0.0,0.0,300.0,300.0,59.99999999999999,59.99999999999999,rule_ok,
2017-01-07T10:00:00+00:00,fixed_rule_battery_hydrogen_grid_15min,1093.457679,136.0,520.16,437.29767900000013,0.0,0.0,0.0,0.0,0.0,0.0,300.0,300.0,59.99999999999999,59.99999999999999,rule_ok,
2017-01-07T10:15:00+00:00,fixed_rule_battery_hydrogen_grid_15min,1099.45775,140.8,516.0,442.6577500000001,0.0,0.0,0.0,0.0,0.0,0.0,300.0,300.0,59.99999999999999,59.99999999999999,rule_ok,
2017-01-07T10:30:00+00:00,fixed_rule_battery_hydrogen_grid_15min,1107.971986,142.4,512.96,452.611986,0.0,0.0,0.0,0.0,0.0,0.0,300.0,300.0,59.99999999999999,59.99999999999999,rule_ok,
2017-01-07T10:45:00+00:00,fixed_rule_battery_hydrogen_grid_15min,1103.507579,146.88,502.4,454.2275790000001,0.0,0.0,0.0,0.0,0.0,0.0,300.0,300.0,59.99999999999999,59.99999999999999,rule_ok,
2017-01-07T11:00:00+00:00,fixed_rule_battery_hydrogen_grid_15min,1108.331915,148.48,490.4,469.451915,0.0,0.0,0.0,0.0,0.0,0.0,300.0,300.0,59.99999999999999,59.99999999999999,rule_ok,
2017-01-07T11:15:00+00:00,fixed_rule_battery_hydrogen_grid_15min,1109.104286,145.28,471.36,492.464286,0.0,0.0,0.0,0.0,0.0,0.0,300.0,300.0,59.99999999999999,59.99999999999999,rule_ok,
2017-01-07T11:30:00+00:00,fixed_rule_battery_hydrogen_grid_15min,1102.962167,141.12,460.48,500.0,0.0,0.0,0.0,0.0,0.0,1.3621669999998858,300.0,300.0,59.99999999999999,59.99999999999999,rule_unserved,
2017-01-07T11:45:00+00:00,fixed_rule_battery_hydrogen_grid_15min,1098.522325,135.36,457.28,500.0,0.0,0.0,0.0,0.0,0.0,5.882324999999923,300.0,300.0,59.99999999999999,59.99999999999999,rule_unserved,
2017-01-07T12:00:00+00:00,fixed_rule_battery_hydrogen_grid_15min,1093.508233,131.52,452.0,500.0,0.0,0.0,0.0,0.0,0.0,9.988233000000037,300.0,300.0,59.99999999999999,59.99999999999999,rule_unserved,
2017-01-07T12:15:00+00:00,fixed_rule_battery_hydrogen_grid_15min,1081.765846,125.44,449.12,500.0,0.0,0.0,0.0,0.0,0.0,7.205845999999951,300.0,300.0,59.99999999999999,59.99999999999999,rule_unserved,
2017-01-07T12:30:00+00:00,fixed_rule_battery_hydrogen_grid_15min,1075.250091,112.32,452.64,500.0,0.0,0.0,0.0,0.0,0.0,10.290091000000189,300.0,300.0,59.99999999999999,59.99999999999999,rule_unserved,
2017-01-07T12:45:00+00:00,fixed_rule_battery_hydrogen_grid_15min,1067.659353,101.12,458.24,500.0,0.0,0.0,0.0,0.0,0.0,8.299352999999996,300.0,300.0,59.99999999999999,59.99999999999999,rule_unserved,
2017-01-07T13:00:00+00:00,fixed_rule_battery_hydrogen_grid_15min,1062.995756,89.28,460.64,500.0,0.0,0.0,0.0,0.0,0.0,13.07575600000007,300.0,300.0,59.99999999999999,59.99999999999999,rule_unserved,
2017-01-07T13:15:00+00:00,fixed_rule_battery_hydrogen_grid_15min,1054.024577,75.52,453.6,500.0,0.0,0.0,0.0,0.0,0.0,24.904576999999904,300.0,300.0,59.99999999999999,59.99999999999999,rule_unserved,
2017-01-07T13:30:00+00:00,fixed_rule_battery_hydrogen_grid_15min,1049.862959,63.04,448.48,500.0,0.0,0.0,0.0,0.0,0.0,38.342959000000064,300.0,300.0,59.99999999999999,59.99999999999999,rule_unserved,
2017-01-07T13:45:00+00:00,fixed_rule_battery_hydrogen_grid_15min,1048.081647,51.84,452.16,500.0,0.0,0.0,0.0,0.0,0.0,44.081646999999975,300.0,300.0,59.99999999999999,59.99999999999999,rule_unserved,
2017-01-07T14:00:00+00:00,fixed_rule_battery_hydrogen_grid_15min,1051.09619,41.6,451.68,500.0,0.0,0.0,0.0,0.0,0.0,57.816190000000006,300.0,300.0,59.99999999999999,59.99999999999999,rule_unserved,
2017-01-07T14:15:00+00:00,fixed_rule_battery_hydrogen_grid_15min,1055.751242,31.04,457.28,500.0,0.0,0.0,0.0,0.0,0.0,67.43124200000011,300.0,300.0,59.99999999999999,59.99999999999999,rule_unserved,
2017-01-07T14:30:00+00:00,fixed_rule_battery_hydrogen_grid_15min,1056.878024,19.84,461.76,500.0,0.0,0.0,0.0,0.0,0.0,75.27802400000019,300.0,300.0,59.99999999999999,59.99999999999999,rule_unserved,
2017-01-07T14:45:00+00:00,fixed_rule_battery_hydrogen_grid_15min,1052.557802,11.2,468.48,500.0,0.0,0.0,0.0,0.0,0.0,72.87780199999997,300.0,300.0,59.99999999999999,59.99999999999999,rule_unserved,
2017-01-07T15:00:00+00:00,fixed_rule_battery_hydrogen_grid_15min,1059.925498,5.44,468.16,500.0,0.0,0.0,0.0,0.0,0.0,86.32549799999993,300.0,300.0,59.99999999999999,59.99999999999999,rule_unserved,
2017-01-07T15:15:00+00:00,fixed_rule_battery_hydrogen_grid_15min,1070.559615,2.56,463.04,500.0,0.0,0.0,0.0,0.0,0.0,104.95961499999999,300.0,300.0,59.99999999999999,59.99999999999999,rule_unserved,
2017-01-07T15:30:00+00:00,fixed_rule_battery_hydrogen_grid_15min,1086.056519,0.96,455.68,500.0,0.0,0.0,0.0,0.0,0.0,129.41651899999988,300.0,300.0,59.99999999999999,59.99999999999999,rule_unserved,
2017-01-07T15:45:00+00:00,fixed_rule_battery_hydrogen_grid_15min,1104.163534,0.32,451.68,500.0,0.0,0.0,0.0,0.0,0.0,152.16353400000003,300.0,300.0,59.99999999999999,59.99999999999999,rule_unserved,
2017-01-07T16:00:00+00:00,fixed_rule_battery_hydrogen_grid_15min,1126.055504,0.0,443.84,500.0,0.0,0.0,0.0,0.0,0.0,182.215504,300.0,300.0,59.99999999999999,59.99999999999999,rule_unserved,
2017-01-07T16:15:00+00:00,fixed_rule_battery_hydrogen_grid_15min,1137.402716,0.0,438.24,500.0,0.0,0.0,0.0,0.0,0.0,199.16271600000005,300.0,300.0,59.99999999999999,59.99999999999999,rule_unserved,
2017-01-07T16:30:00+00:00,fixed_rule_battery_hydrogen_grid_15min,1141.147442,0.0,429.44,500.0,0.0,0.0,0.0,0.0,0.0,211.7074419999999,300.0,300.0,59.99999999999999,59.99999999999999,rule_unserved,
2017-01-07T16:45:00+00:00,fixed_rule_battery_hydrogen_grid_15min,1148.844094,0.0,426.88,500.0,0.0,0.0,0.0,0.0,0.0,221.96409400000005,300.0,300.0,59.99999999999999,59.99999999999999,rule_unserved,
2017-01-07T17:00:00+00:00,fixed_rule_battery_hydrogen_grid_15min,1150.603512,0.0,424.16,500.0,0.0,0.0,0.0,0.0,0.0,226.44351199999983,300.0,300.0,59.99999999999999,59.99999999999999,rule_unserved,
2017-01-07T17:15:00+00:00,fixed_rule_battery_hydrogen_grid_15min,1142.884787,0.0,411.52,500.0,0.0,0.0,0.0,0.0,0.0,231.36478699999998,300.0,300.0,59.99999999999999,59.99999999999999,rule_unserved,
2017-01-07T17:30:00+00:00,fixed_rule_battery_hydrogen_grid_15min,1140.321491,0.0,398.08,500.0,0.0,0.0,0.0,0.0,0.0,242.241491,300.0,300.0,59.99999999999999,59.99999999999999,rule_unserved,
2017-01-07T17:45:00+00:00,fixed_rule_battery_hydrogen_grid_15min,1135.516558,0.0,397.92,500.0,0.0,0.0,0.0,0.0,0.0,237.59655799999996,300.0,300.0,59.99999999999999,59.99999999999999,rule_unserved,
2017-01-07T18:00:00+00:00,fixed_rule_battery_hydrogen_grid_15min,1126.210014,0.0,392.96,500.0,0.0,0.0,0.0,0.0,0.0,233.25001399999996,300.0,300.0,59.99999999999999,59.99999999999999,rule_unserved,
2017-01-07T18:15:00+00:00,fixed_rule_battery_hydrogen_grid_15min,1115.527301,0.0,383.36,500.0,0.0,0.0,0.0,0.0,0.0,232.16730100000007,300.0,300.0,59.99999999999999,59.99999999999999,rule_unserved,
2017-01-07T18:30:00+00:00,fixed_rule_battery_hydrogen_grid_15min,1100.909216,0.0,372.48,500.0,0.0,0.0,0.0,0.0,0.0,228.429216,300.0,300.0,59.99999999999999,59.99999999999999,rule_unserved,
2017-01-07T18:45:00+00:00,fixed_rule_battery_hydrogen_grid_15min,1089.419598,0.0,373.28,500.0,0.0,0.0,0.0,0.0,0.0,216.13959799999998,300.0,300.0,59.99999999999999,59.99999999999999,rule_unserved,
2017-01-07T19:00:00+00:00,fixed_rule_battery_hydrogen_grid_15min,1070.024883,0.0,372.64,500.0,0.0,0.0,0.0,0.0,0.0,197.38488300000006,300.0,300.0,59.99999999999999,59.99999999999999,rule_unserved,
2017-01-07T19:15:00+00:00,fixed_rule_battery_hydrogen_grid_15min,1045.417421,0.0,372.64,500.0,0.0,0.0,0.0,0.0,0.0,172.77742100000012,300.0,300.0,59.99999999999999,59.99999999999999,rule_unserved,
2017-01-07T19:30:00+00:00,fixed_rule_battery_hydrogen_grid_15min,1026.987502,0.0,373.44,500.0,0.0,0.0,0.0,0.0,0.0,153.5475019999999,300.0,300.0,59.99999999999999,59.99999999999999,rule_unserved,
2017-01-07T19:45:00+00:00,fixed_rule_battery_hydrogen_grid_15min,1020.87867,0.0,380.96,500.0,0.0,0.0,0.0,0.0,0.0,139.91867000000002,300.0,300.0,59.99999999999999,59.99999999999999,rule_unserved,
2017-01-07T20:00:00+00:00,fixed_rule_battery_hydrogen_grid_15min,1009.102818,0.0,388.16,500.0,0.0,0.0,0.0,0.0,0.0,120.94281799999999,300.0,300.0,59.99999999999999,59.99999999999999,rule_unserved,
2017-01-07T20:15:00+00:00,fixed_rule_battery_hydrogen_grid_15min,997.698999,0.0,389.44,500.0,0.0,0.0,0.0,0.0,0.0,108.2589989999999,300.0,300.0,59.99999999999999,59.99999999999999,rule_unserved,
2017-01-07T20:30:00+00:00,fixed_rule_battery_hydrogen_grid_15min,989.778771,0.0,383.04,500.0,0.0,0.0,0.0,0.0,0.0,106.73877100000004,300.0,300.0,59.99999999999999,59.99999999999999,rule_unserved,
2017-01-07T20:45:00+00:00,fixed_rule_battery_hydrogen_grid_15min,987.695203,0.0,377.6,500.0,0.0,0.0,0.0,0.0,0.0,110.09520299999997,300.0,300.0,59.99999999999999,59.99999999999999,rule_unserved,
2017-01-07T21:00:00+00:00,fixed_rule_battery_hydrogen_grid_15min,1001.069733,0.0,363.52,500.0,0.0,0.0,0.0,0.0,0.0,137.54973300000006,300.0,300.0,59.99999999999999,59.99999999999999,rule_unserved,
2017-01-07T21:15:00+00:00,fixed_rule_battery_hydrogen_grid_15min,994.856767,0.0,358.24,500.0,0.0,0.0,0.0,0.0,0.0,136.61676699999998,300.0,300.0,59.99999999999999,59.99999999999999,rule_unserved,
2017-01-07T21:30:00+00:00,fixed_rule_battery_hydrogen_grid_15min,985.325579,0.0,358.4,500.0,0.0,0.0,0.0,0.0,0.0,126.92557899999997,300.0,300.0,59.99999999999999,59.99999999999999,rule_unserved,
2017-01-07T21:45:00+00:00,fixed_rule_battery_hydrogen_grid_15min,973.445236,0.0,353.6,500.0,0.0,0.0,0.0,0.0,0.0,119.845236,300.0,300.0,59.99999999999999,59.99999999999999,rule_unserved,
2017-01-07T22:00:00+00:00,fixed_rule_battery_hydrogen_grid_15min,957.034981,0.0,348.16,500.0,0.0,0.0,0.0,0.0,0.0,108.87498099999993,300.0,300.0,59.99999999999999,59.99999999999999,rule_unserved,
2017-01-07T22:15:00+00:00,fixed_rule_battery_hydrogen_grid_15min,942.738376,0.0,340.0,500.0,0.0,0.0,0.0,0.0,0.0,102.73837600000002,300.0,300.0,59.99999999999999,59.99999999999999,rule_unserved,
2017-01-07T22:30:00+00:00,fixed_rule_battery_hydrogen_grid_15min,933.424356,0.0,329.6,500.0,0.0,0.0,0.0,0.0,0.0,103.82435599999997,300.0,300.0,59.99999999999999,59.99999999999999,rule_unserved,
2017-01-07T22:45:00+00:00,fixed_rule_battery_hydrogen_grid_15min,920.741916,0.0,313.28,500.0,0.0,0.0,0.0,0.0,0.0,107.46191599999997,300.0,300.0,59.99999999999999,59.99999999999999,rule_unserved,
2017-01-07T23:00:00+00:00,fixed_rule_battery_hydrogen_grid_15min,904.953972,0.0,304.32,500.0,0.0,0.0,0.0,0.0,0.0,100.63397200000009,300.0,300.0,59.99999999999999,59.99999999999999,rule_unserved,
2017-01-07T23:15:00+00:00,fixed_rule_battery_hydrogen_grid_15min,891.95646,0.0,292.48,500.0,0.0,0.0,0.0,0.0,0.0,99.47645999999997,300.0,300.0,59.99999999999999,59.99999999999999,rule_unserved,
2017-01-07T23:30:00+00:00,fixed_rule_battery_hydrogen_grid_15min,885.469007,0.0,282.08,500.0,0.0,0.0,0.0,0.0,0.0,103.38900699999999,300.0,300.0,59.99999999999999,59.99999999999999,rule_unserved,
2017-01-07T23:45:00+00:00,fixed_rule_battery_hydrogen_grid_15min,873.911925,0.0,278.4,500.0,0.0,0.0,0.0,0.0,0.0,95.51192500000002,300.0,300.0,59.99999999999999,59.99999999999999,rule_unserved,
